,platform1,platform2,name1,artist1,name2,artist2,same,ml guess
750,spotify,youtube,Anders,01099,Anders (feat. Paul & Ski Aggu),01099,1,
725,spotify,youtube,Pull Up Party,$moneymmk,Pull Up Party (feat. LKpeezy),$moneymmk,1,
206,youtube,spotify,"L'île Intense (Part 1)",-M-,L'île Intense - Démo,-M-,0,
218,youtube,spotify,GGS,864Griz,Filmriss,1986zig,0,
25,youtube,amazon,Valentino,XL,VALENTINO,24kgoldn,1,
701,spotify,youtube,Thugz Mansion - Nas Acoustic,2Pac,Thugz Mansion (Nas Acoustic) (feat. Nas & J. Phoenix),2Pac,1,
796,spotify,youtube,I do the most in the Ghost (feat. Tula Wula & Funk),JBilla,Ghost,2Pac,0,
183,youtube,spotify,Why,Y,Wonda Why They Call U Bytch,2Pac,0,
805,spotify,youtube,Take off（Original ver.),2PM,Take Off,2PM,1,
556,spotify,amazon,IFYKYK,2Scratch,EX.,2Scratch,0,
643,spotify,youtube,Don't Turn It off (Feat. Qzen),40 Thieves,Don't Turn It off (feat. Qzen),40 Thieves,1,
187,youtube,spotify,You Don't Know,Eminem,In Da Club,50 Cent,0,
208,youtube,spotify,Ignition (Remix),R.Kelly,"""Ignition (Remix)"" by R. Kelly",54th & City,1,
309,youtube,spotify,I,6cyclemind,Image Lang Yon,6cyclemind,0,
377,amazon,youtube,Feel It (From “Invincible”),d4vd,"Feel It (From ""Invincible"") (8-Bit D4vd Emulation)",8-Bit Arcade,0,
185,youtube,spotify,R.O.D.,A Boogie Wit da Hoodie,My Shit,A Boogie Wit da Hoodie,0,
111,youtube,amazon,°OD。,a crowd of rebellion,M1917,a crowd of rebellion,0,
623,spotify,youtube,Mic Check (feat. GQ & Rocky),St Spittin,Canal St. (feat. Bones),A$AP Rocky,0,
293,youtube,spotify,O Maara,A.R. Rahman & Paal Dabba,Mumbai Theme,A.R. Rahman,0,
313,amazon,youtube,Wmw,Toukan Toukän,Al Rahman,Abdel Rahman el Ousi,0,
13,youtube,amazon,Power Up,T.F,Shot In The Dark,AC/DC,0,
635,spotify,youtube,"Suite No. 2 in B Minor, BWV 1067: VII. Badinerie",Johann Sebastian Bach,"Suite #2 In B Minor, BWV 1067 - Menuet & Badinerie",Academy Of St. Christopher Orchestra,0,
644,spotify,youtube,"Zement - Live im Studio B",Acht Eimer Hühnerherzen,"Zement",Acht Eimer Hühnerherzen,0,
740,spotify,youtube,Sing,OWEN oriçon,I Will Sing (Refreshed),Ada Ehi,0,
141,youtube,amazon,Makes You Feel,WDC,Make You Feel My Love,Adele,0,
673,spotify,youtube,"I Don’t Want To Miss A Thing - Live From Mexico City, 2016",Aerosmith,I Don't Want To Miss A Thing (Pop Mix),Aerosmith,0,
770,spotify,youtube,"Dream On - Live From Mexico City, 2016",Aerosmith,Dream On,Aerosmith,0,
87,youtube,amazon,Hr-V,Mc Hs Itz,Jim Beam & Voddi [feat. Bonez MC],AK Ausserkontrolle feat. Bonez MC,0,
246,youtube,spotify,BV (feat. Athena) (feat. Athena),Black V-Ner,Black n White,akiaura,0,
363,amazon,youtube,Onda e Mar,T.S.H,Do Or Die,AleXa,0,
350,amazon,youtube,Yalemo,"Lamomali, -M-, Fatoumata Diawara, Toumani Diabaté, Balla Diabaté & Mountaga Diabaté",Ruby,Ali Farka Touré,0,
333,amazon,youtube,For You Only (2016 Remastered),Alison Moyet,For You Only,Alison Moyet,0,
547,spotify,amazon,Trostpreis - Live,Alligatoah,Trostpreis (Live),Alligatoah,1,
559,spotify,amazon,Wer weiß - Live in Kenia,Alligatoah,Wer weiß,Alligatoah,0,
810,spotify,youtube,No Regrets - Live from London,ALTÉGO,No Regrets,ALTÉGO,0,
226,youtube,spotify,Confusión (Remix) (feat. Lxmbardx),LGH,No Regrets - Live from London,ALTÉGO,0,
342,amazon,youtube,X.U. (Seraph of the End),AmaLee,"X.U. (from ""Owari no Seraph"")",AmaLee,1,
734,spotify,youtube,Uh Oh - Acoustic Version,Amber Van Day,Uh Oh,Amber Van Day,0,
457,spotify,amazon,Tghayart ktir,Amer Zayan,Tghayart Ktir,Amer Zayan,1,
523,spotify,amazon,Love Is A Losing Game - Live At SXSW / 2007,Amy Winehouse,Love Is A Losing Game (Live From The Mercury Prize Awards / 2007),Amy Winehouse,1,
799,spotify,youtube,Love Is A Losing Game - Live At SXSW / 2007,Amy Winehouse,Love Is A Losing Game (Live At The Mercury Music Awards),Amy Winehouse,0,
311,amazon,youtube,Follow Me Down (Remastered),Anc,Follow Me Down,Anc,0,
769,spotify,youtube,Lloyd Webber: Evita Symphonic Suite - Pt.3,Andrew Lloyd Webber,Lloyd Webber: Evita Symphonic Suite (Pt.1),Andrew Lloyd Webber,0,
423,spotify,amazon,"Cups (Pitch Perfect’s “When I’m Gone”) - Director's Cut / Closed-Captioned",Anna Kendrick,Cups (Pitch Perfect’s “When I’m Gone”) (Pop Version),Anna Kendrick,0,
490,spotify,amazon,Ausgehen - Live,AnnenMayKantereit,Ausgehen,AnnenMayKantereit,0,
45,youtube,amazon,TUMHARE SIVA,ANURADHA PAUDWAL,Tumhare Siva,"Anuradha Paudwal, Udit Narayan, Nikhil-Vinay & Faaiz Anwar",1,
321,amazon,youtube,„glücklich“,"Apk, SineTwo & LSDJ feat. BJH",„glücklich“ (feat. BJH),"APK, SineTwo, & LSDJ",1,
480,spotify,amazon,Heaven (All Around You),Apollo LTD,Heaven (All Around You) [Acoustic],Apollo LTD,0,
431,spotify,amazon,Nuvens De Algodão,Exaltasamba,Nuvens de Algodão,Arann,1,
312,amazon,youtube,N d a u y a w o,O d 3 y,I Wanna Be Yours,Arctic Monkeys,0,
319,amazon,youtube,Break Free [feat. Zedd],Ariana Grande feat. Zedd,Break Free (feat. Zedd),Ariana Grande,1,
123,youtube,amazon,VX (feat. E L U C I D & billy woods),Armand Hammer,Calypso Gene (feat. Silka & Cleo Reed),"Armand Hammer, The Alchemist, billy woods & E L U C I D feat. Silka & Cleo Reed",0,
1,spotify,youtube,FBJ,ADAMEK,Oor Eh Peliculan,Armenian Navy Band,0,
135,youtube,amazon,Ithemba lamu 2.0 (feat. MAZII & Dj Subzer),Asenathi MZP,Ithemba lamu 2.0,Asenathi MZP feat. Mazii & Dj Subzer,1,
488,spotify,amazon,Pineapple Kryptonite - Yohji Igarashi Remix,ATARASHII GAKKO!,"Pineapple Kryptonite",ATARASHII GAKKO!,0,
677,spotify,youtube,'WORK' Official MV,ATEEZ,WONDERLAND,ATEEZ,0,
784,spotify,youtube,'WORK' Official MV,ATEEZ,WORK,ATEEZ,0,
632,spotify,youtube,I Am The Highway - Sessions @ AOL 2003,Audioslave,I Am The Highway,Audioslave,0,
759,spotify,youtube,When Things Fall Apart - Audio,Augustines,"When Things Fall Apart",Augustines,0,
776,spotify,youtube,"Avril Lavigne's Make 5 Wishes - Episode 9 - Manga Series",Avril Lavigne,"Complicated",Avril Lavigne,0,
631,spotify,youtube,Love Songs - Live in Studio,Ax and the Hatchetmen,Love Songs,Ax and the Hatchetmen,0,
530,spotify,amazon,In deinen Armen / Aber sie,AYLIVA,In deinen Armen,AYLIVA,1,
94,youtube,amazon,Ayt,Zohid,Bir Başkadır Benim Memleketim,Ayten Alpman,0,
38,youtube,amazon,Dz Hardcorp,Azpak,El Mara,Azpak,0,
216,youtube,spotify,Blues In G,B.B. King,Blues Boys Tune,B.B. King,0,
820,spotify,youtube,一分一秒君と僕の（アニメver.）,HoneyWorks,一分一秒君と僕の (Short ver.) - IPPUN ICHIBYOU KIMITO BOKUNO (Short ver.),BABY BAND,0,
6,spotify,youtube,Jiggy Woogie - Live,Don Diablo,"Jiggy Woogie (Karaoke Version Originally Performed by Don Diablo, Major Lazer & Baby Lawd)",Backing Business,0,
775,spotify,youtube,LSG,Baschi,"LSG (feat. Dabu Fantastic, Büne Huber, Viola Tami & Fabienne Louves)",Baschi,1,
794,spotify,youtube,Quarter Past Midnight - Live On Good Morning America,Bastille,Quarter Past Midnight (MTV Unplugged),Bastille,0,
147,youtube,amazon,Px,Basys ir Ilčiukas,Nieko Panašaus,Basys ir Ilčiukas,0,
566,spotify,amazon,Stayin' Alive,Bee Gees,Stayin Alive,Bee Gees,1,
439,spotify,amazon,"Vois sur ton chemin - Techno Mix",BENNETT,Vois sur ton chemin (Techno Mix),BENNETT,1,
685,spotify,youtube,Det er et yndit land,The Dog,Krøyer: Der er et yndigt land (National Anthem of Denmark),Berliner Philharmoniker,0,
228,youtube,spotify,O,The Rose,The Rose,Bette Midler,0,
317,amazon,youtube,Crazy In Love,Beyoncé feat. Jay-Z,Crazy In Love (Remix),Beyoncé,0,
320,amazon,youtube,Crazy In Love,Beyoncé feat. Jay-Z,Crazy In Love (Live),Beyoncé,0,
397,amazon,youtube,Crazy In Love,Beyoncé feat. Jay-Z,Crazy In Love (feat. JAY-Z),Beyoncé,1,
24,youtube,amazon,Upgrade U (feat. JAY-Z),Beyoncé,Upgrade U (Album Version),Beyoncé feat. Jay-Z,0,
372,amazon,youtube,"Mädchen gegen Jungs (feat. Lina Larissa Strahl, Lisa-Marie Koroll, Phil Laude, Louis H.)","Bibi und Tina, Peter Plate & Ulf Leo Sommer feat. Lina Larissa Strahl, Lisa-Marie Koroll, Phil Laude & Louis H.","Mädchen gegen Jungs (feat. Lina Larissa Strahl, Lisa-Marie Koroll, Phil Laude & Louis H.)",Bibi und Tina,1,
742,spotify,youtube,"No Risk, No Fun",LINA,"No Risk, no Fun (feat. Lina Larissa Strahl & Emilio Moutaoukkil)",Bibi und Tina,1,
435,spotify,amazon,AIRE - live desde el RV,FABIAN,Rockstar (feat. Fabian Buch),"Bibi und Tina, Peter Plate & Ulf Leo Sommer feat. Fabian Buch",0,
803,spotify,youtube,Bikôkô & Yndi - No One Told Me,Bikôkô,No One Told Me,Bikôkô,0,
678,spotify,youtube,rqte,Brog,Rate That VIP,Bil Next,0,
668,spotify,youtube,THE DINER - ISOLATED VOCALS/Visualizer,Billie Eilish,Billie Bossa Nova,Billie Eilish,0,
691,spotify,youtube,CHIHIRO - ISOLATED VOCALS/Visualizer,Billie Eilish,i love you,Billie Eilish,0,
717,spotify,youtube,TV - Live From Singapore’s Cloud Forest,Billie Eilish,TV,Billie Eilish,0,
719,spotify,youtube,THE DINER - ISOLATED VOCALS/Visualizer,Billie Eilish,"THE DINER",Billie Eilish,0,
724,spotify,youtube,BLUE - ISOLATED VOCALS/Visualizer,Billie Eilish,BLUE,Billie Eilish,0,
752,spotify,youtube,BIRDS OF A FEATHER - ISOLATED VOCALS/Visualizer,Billie Eilish,listen before i go,Billie Eilish,0,
815,spotify,youtube,CHIHIRO - ISOLATED VOCALS/Visualizer,Billie Eilish,CHIHIRO,Billie Eilish,0,
30,youtube,amazon,SSR (Instrumental),PER SE,watch,Billie Eilish,0,
703,spotify,youtube,"Rusted From the Rain (Live at Festhalle Frankfurt, 2022)",Billy Talent,Rusted From the Rain (Live),Billy Talent,1,
664,spotify,youtube,Love Potions,BJ Lips,Love Potions (6arelyhuman Remix) (feat. princess paparazzi),BJ Lips,0,
79,youtube,amazon,Full DJ Mix - BK,BK,MOTION,BK,0,
688,spotify,youtube,As If It's Your Last - ive At Olympic Gymnastics Arena / Seoul / 2018,BLACKPINK,Forever Young,BLACKPINK,0,
745,spotify,youtube,BOOMBAYAH,BLACKPINK,붐바야(Boombayah),BLACKPINK,1,
675,spotify,youtube,kudos,Blissfqlxo,kudos (feat. SSGKobe),Blissfqlxo,1,
680,spotify,youtube,Influencer (Official Visualiser),BLR,Influencer (feat. Robbie Rise),BLR & anamē,0,
409,amazon,youtube,"Mangue (Aspec Remix)","Slz","Out On You",Bluckther,0,
373,amazon,youtube,Blue Murder(Karaoke ver),F.V.S,Blue Murder,Blue Murder,0,
33,youtube,amazon,u must neva (feat. Cassper Nyovest),Blxckie,u must neva,Blxckie & Cassper Nyovest,1,
619,spotify,amazon,"Round & Round - Live From Austin City Limits, Austin, TX/2023",Bob Moses,Round & Round,Bob Moses,0,
554,spotify,amazon,Vibecheck - feat. makko,Boloboys,Vibecheck (feat. makko),"Boloboys, toobrokeforfiji, Loco Candy & Okfella feat. makko",1,
64,youtube,amazon,VFD,BomberMan Awesome,The Modern Day,"Bomberman Awesome",0,
486,spotify,amazon,BURNING FOR LOVE,CKF,Burning For Love,Bon Jovi,1,
62,youtube,amazon,PVT,Bonde da Stronda,Nossa Química (Nova Versão),Bonde da Stronda,0,
817,spotify,youtube,Zion's Daughter (ZDF Vorsicht Musik 13.12.1982),Boney M.,Zion's Daughter,Boney M.,0,
173,youtube,spotify,September (pt. 1),ZNM,September,Bonez MC,0,
603,spotify,amazon,TOTAL ECLIPSE OF THE HEART - TECHNO,VXLTAGE,Total Eclipse of the Heart,Bonnie Tyler,0,
304,youtube,spotify,kokoronoshizuku,SHZ,ココロのちず,BOYSTYLE,0,
338,amazon,youtube,Spaghetti mafia,Bp,Spaghetti mafia (Remix),BP,0,
793,spotify,youtube,J'sais pas - Live Très Très Privé RTL2 au Crazy Horse 2015,Brigitte,A bouche que veux-tu (We are I.V remix),Brigitte,0,
5,spotify,youtube,'Kingslayer' ft. BABYMETAL - Live In Tokyo,Bring Me The Horizon,Kingslayer (feat. BABYMETAL),Bring Me The Horizon,0,
171,youtube,spotify,"Latest",LEZ,"Miales Byc",Brodka,0,
653,spotify,youtube,Cups (Pitch Perfect’s “When I’m Gone”) - Director's Cut / Closed-Captioned,Anna Kendrick,You're Gonna Miss Me When I'm Gone,Brooks & Dunn,0,
462,spotify,amazon,Open All Night,Bruce Springsteen,Open All Night (Electric Nebraska),Bruce Springsteen,0,
618,spotify,amazon,You Never Can Tell - Leipzig 7/7/13,Bruce Springsteen,Nebraska (Electric Nebraska),Bruce Springsteen,0,
747,spotify,youtube,"You Never Can Tell - Leipzig 7/7/13",Bruce Springsteen,"You Never Can Tell (Live)",Bruce Springsteen,0,
636,spotify,youtube,Tokyo Joe - Live,Bryan Ferry,Tokyo Joe,Bryan Ferry,0,
534,spotify,amazon,FIRE,BTS,Burning Up (Fire),"BTS",0,
626,spotify,youtube,FIRE,BTS,불타오르네 (FIRE),BTS,1,
792,spotify,youtube,Dynamite - Live Performance,Edalo,Dynamite (EDM Remix),BTS,0,
265,youtube,spotify,Singularity,BTS,Intro: Singularity,"BTS",0,
160,youtube,spotify,J,BUCK-TICK,KISS ME GOOD-BYE,BUCK-TICK,0,
61,youtube,amazon,"TAK TO LATA (feat. Tuszol)",Bungee,TAK TO LATA,Bungee feat. Tuszol,1,
471,spotify,amazon,Wegue Wegue,Pongo,Kalemba (Wegue Wegue) (Hot Chip Remix),Buraka Som Sistema & Pongo,0,
292,youtube,spotify,DMR Tech House Selection vol.2 (DJ Mix),"BÁDER x",DMR Tech House Selection vol.2 - DJ Mix,"BÁDER x",1,
690,spotify,youtube,Skin and Bones - Live from Blackbird Studio,Cage The Elephant,Skin and Bones (Mix 2020),Cage The Elephant,0,
379,amazon,youtube,Blessings,Calvin Harris & Clementine Douglas,Blessings (KETTAMA Remix) (feat. Clementine Douglas),Calvin Harris,0,
813,spotify,youtube,One Kiss (with Dua Lipa),Calvin Harris,One Kiss,Calvin Harris,0,
478,spotify,amazon,Outside (feat. Ellie Goulding),Calvin Harris,Miracle,Calvin Harris & Ellie Goulding,0,
421,spotify,amazon,"Outside (feat. Ellie Goulding)",Calvin Harris,Outside,Calvin Harris feat. Ellie Goulding,1,
809,spotify,youtube,MONTAGEM RUGADA - Slowed,cape,MONTAGEM RUGADA (Super Slowed),cape,0,
787,spotify,youtube,Rolex,Capital Bra,Rolex (feat. Summer Cem & KC Rebell),Capital Bra,1,
316,amazon,youtube,Connecting The Dots,Ow,Connect the Dots (The Saga of Frank Sinatra),Car Seat Headrest,0,
252,youtube,spotify,Souls,Car Seat Headrest,Fill In The Blank,Car Seat Headrest,0,
535,spotify,amazon,Quelque chose - Live Session,Carla Bruni,Quelque chose,Carla Bruni,0,
601,spotify,amazon,睜一隻眼閉一隻眼,Mads Hauge,Soulmate,"Carla Campell, David Tench, Natasha Bedingfield, Mads Hauge, Neel Hammond, Hanoh & M. Hauge",0,
698,spotify,youtube,Frunza Verde De Gutui,Carmen de la Salciua,Frunza verde de gutui (feat. What's UP),Carmen de la Salciua,1,
808,spotify,youtube,"The Dutchman (Live From Poughkeepsie, 2010)",Celtic Thunder,The Dutchman (feat. Keith Harkin),Celtic Thunder,0,
253,youtube,spotify,Cuéntales,Northagirres,Cuéntales(Elsa Soulec),chacal de las rimas,0,
432,spotify,amazon,Jardins,ERM,Jardines,Chancha Vía Circuito & Lido Pimienta,0,
386,amazon,youtube,Nwue,Chasing February,Two Nights in New York,Chase Petra,0,
236,youtube,spotify,Nop (Lofi Version),ChenYueLong,Nop - Lofi Version,ChenYueLong,1,
390,amazon,youtube,GHC,"Chepang feat. Georges Tremblay, Hoonee Jo & Colin Marston","GHC (feat. Georges Tremblay, Hoonee Jo & Colin Marston)",Chepang,1,
186,youtube,spotify,If I Could Turn Back the Hands of Time,R.Kelly,If I Could Turn Back Time,Cher,0,
31,youtube,amazon,J.S.,Chet Baker,My Funny Valentine,Chet Baker,0,
8,spotify,youtube,"Uy Qué Miedo - En Vivo Desde El Lunario Del Auditorio Nacional",Chico Che Chico,¡Uy Qué Miedo!,Chico Che Chico,1,
728,spotify,youtube,Zrla Untiled,Alucardio,Nwanem Ebezina,Chief Stephen Osita Osadebe,0,
166,youtube,spotify,"Lo-Fi Chim BXV",Chimera24,Chim Bassstorm XXX,Chimera24,0,
297,youtube,spotify,F*ck This Shit,Lil PJan,Fuck This Shit,Chris Night,1,
65,youtube,amazon,DAYTONA,SAF,Daytona,Chris Rea,0,
549,spotify,amazon,Theater (ZDF Disco 24.03.1980),Katja Ebstein,"Der Ralph Siegel ""Stereoact"" Hitmix 2020","Chris Roberts, Dschinghis Khan, Katja Ebstein, Nicole, Peter Alexander, Rex Gildo, Stereoact & Wind",0,
783,spotify,youtube,Ich hock in meinem Bonker,Walter Moers,Heroin an Heiligabend,ChrispyyChris,0,
665,spotify,youtube,NAQE,Gili,Gili,Cita,0,
583,spotify,amazon,Skoin Skoin (feat. Bianca Costa) Acoustic Video,CKay,Skoin Skoin (feat. Bianca Costa),CKay feat. Bianca Costa,0,
526,spotify,amazon,love nwantiti (feat. ElGrande Toto) - North African Remix,CKay,love nwantiti (feat. ElGrande Toto) [North African Remix],CKay feat. Elgrande Toto,1,
723,spotify,youtube,Numb The Pain,Clarx,"Numb The Pain (feat. Catas, Le Malls & Chenda)",Clarx,1,
132,youtube,amazon,Yz (feat. Lit Codex),CODEINE BOYZ,ROCKSTAR (Lit Codex & Lac P &  Dm-19),CODEINE BOYZ,0,
804,spotify,youtube,From Fear Through The Eyes Of Madness - Original Acoustic Demo - PCM Stereo,Coheed and Cambria,The Willing Well II: From Fear Through the Eyes of Madness,"Coheed and Cambria",0,
522,spotify,amazon,Kuku - Live,Conchita Wurst,Kuku,Conchita Wurst,0,
441,spotify,amazon,Extraction - DJ JRQ Remix,Coszmos,Extraction (DJ JRQ Remix),Coszmos & DJ JRQ,1,
155,youtube,amazon,XR,Music by Adi,Einmal um die Welt,CRO,0,
235,youtube,spotify,C,CRO,Bye Bye - MTV Unplugged,CRO,0,
736,spotify,youtube,"Tutto grigio - Live at New Fall Festival, Düsseldorf",Crucchi Gang,Tutto grigio,Crucchi Gang,0,
666,spotify,youtube,"Erzsébeti Szvit... Kalotaszegről",Csík Zenekar,Erzsébeti szvit? Kalotaszegről,Csík zenekar,1,
693,spotify,youtube,The Good - Live,Cynthia Erivo,"Everytime You Go Away (From the Documentary “John Candy: I Like Me"")",Cynthia Erivo,0,
761,spotify,youtube,The Good - Live,Cynthia Erivo,The Good,Cynthia Erivo,0,
221,youtube,spotify,"Franck: Violin Sonata, CFF 123: I. Allegretto ben moderato",Itzhak Perlman,"Violin Sonata, CFF 123: II. Allegro",César Franck,0,
702,spotify,youtube,www.Volta Pra Mim - Ao Vivo,César Menotti & Fabiano,"www.Volta Pra Mim (Live)",César Menotti & Fabiano,0,
137,youtube,amazon,Ohu (feat. His Super Sound Of Nigeria),D.A. Ogbebor,Ohu,D.A. Ogbebor feat. His Super Sound Of Nigeria,1,
150,youtube,amazon,MxL,D.Fault,Eifersucht,D.Fault Archive & Rez,0,
256,youtube,spotify,El AV,Edicion Especial,Dura,Daddy Yankee,0,
605,spotify,amazon,"Despacito - Remix",Luis Fonsi,Despacito (Remix) [feat. Justin Bieber],Daddy Yankee & Luis Fonsi feat. Justin Bieber,1,
738,spotify,youtube,Rollin' & Scratchin' - Live in L.A.,Daft Punk,Rollin' & Scratchin',Daft Punk,0,
795,spotify,youtube,Not The One,Yann Muller,If You're Not The One,Daniel Bedingfield,0,
726,spotify,youtube,العمق الغامض - من “حورية البحر”/ موسيقى تصويرية أصلية,Daniel Hany,العمق الغامض (من “حورية البحر”/ موسيقى تصويرية أصلية),Daniel Hany,0,
136,youtube,amazon,Ratha Be Ya Nigga (feat. Richie Rich),2Pac,"Ratha Be Ya Nigga, Pt 2: Nasty God",Dashade,0,
341,amazon,youtube,PMI,Lord & Dego,Akam Mbuotidem,Dave Heavenly Voices,0,
514,spotify,amazon,Ziggy Stardust - 2012 Remaster,David Bowie,Starman (2012 Remaster),David Bowie,1,
681,spotify,youtube,Heroes - 2017 Remaster,David Bowie,Heroes,David Bowie,0,
180,youtube,spotify,TVC15 (1999 Remaster),David Bowie,TVC15 - 2016 Remaster,David Bowie,0,
330,amazon,youtube,J'y suis jamais allé,Yann Tiersen,J'y Suis Jamais Alle,David Divine,1,
484,spotify,amazon,Memories,David Guetta Feat. Kid Cudi,Memories (feat. Kid Cudi),David Guetta feat. Kid Cudi,1,
44,youtube,amazon,D & G (feat. Summer Walker),Davido,D & G,Davido feat. Summer Walker,1,
239,youtube,spotify,QS,David Behrman,The Next Rap God 2,Dax,0,
706,spotify,youtube,maybach music,Dazegxd,maybach music (feat. saturn),Dazegxd,1,
74,youtube,amazon,HN (feat. Rizu),DBONE,Cheatin',Dbone,0,
708,spotify,youtube,Pretty Ugly (Remastered 2016),Dead Sara,Pretty Ugly,Dead Sara,0,
83,youtube,amazon,"D (Half Moon) (feat. Gaeko)",DEAN,"D (Half Moon) [feat. Gaeko]",DEAN feat. Gaeko,1,
68,youtube,amazon,DEBO,LR,Ein Ganz normaler Tag (Agamemnon Project Remix),Debo,0,
255,youtube,spotify,CBI (feat. Gurlej Akhtar),Deep Nangal Wala,CBI,Deep Nangal Wala,1,
780,spotify,youtube,Denken Sie Groß,Deichkind,"Denken Sie groß",Deichkind,1,
346,amazon,youtube,A Crawling Worm in a World of Lies,Thy Light,A Crawling Worm in a World of Lies (Thy Light Cover),Desolate Tapes,0,
234,youtube,spotify,T-Shirt,Destiny's Child,Survivor,Destiny's Child,0,
387,amazon,youtube,Relax your Body (Martini Brös Mix),Dfx,Relax your Body (Martini Brös Mix) (feat. Martini Brös),DFX,1,
267,youtube,spotify,I'll Be Missing You (feat. Faith Evans & 112),P. Diddy,"I'll Be Missing You",Diddy,0,
657,spotify,youtube,"My Life - Live at The Brixton Academy, 2004",Dido,Here With Me (Live at Brixton Academy),Dido,0,
473,spotify,amazon,"Alles nichts ohne dich - Live / Aus ""Die Schule der magischen Tiere 3""",Emilia Maier,Alles nichts ohne dich (Ida Version),Die Schule der magischen Tiere,0,
58,youtube,amazon,Dimension,KV,London Sound,Dimension,0,
765,spotify,youtube,Diphda - acuarela (prod. WTFDiddy),Diphda,acuarela,Diphda,0,
217,youtube,spotify,"Money for Nothing (Live at Live Aid, Wembley Stadium, 13th July 1985)",Dire Straits,Money For Nothing - Remastered 1996,Dire Straits,0,
493,spotify,amazon,Shakira,Perry XGK,"Zoo (aus ""Zoomania 2"")",Disney & Shakira,0,
552,spotify,amazon,Bass Addict - Cyber Gunz Hard VIP,District Red,Bass Addict (Cyber Gunz Hard VIP),"District Red, n/ck & Cyber Gunz",1,
521,spotify,amazon,Montagem Lunar Diamante - Slowed,DJ DYLANFK,Montagem Lunar Diamante (Slowed),"DJ DYLANFK, WXCHSXN & MC SILLVEER",1,
572,spotify,amazon,"Rivers Of Babylon (ZDF Die schönsten Melodien der Welt 23.04.1981)",Boney M.,The Boney M Megamix: Rivers of Babylon / Rasputin / Daddy Cool / Belfast / Gotta Go Home / Ma Baker (Short Version),"DJ Harold ""Crazy"" P Unlimited & The Hit House ""W"" Corporate Singers",0,
92,youtube,amazon,H.G.,Digital Knecht,Automotivo da Zona Sul 4,"DJ HG MLK É BRABO, DJ MP7 013 & G7 MUSIC BR feat. DJ PEDRINHO 011, DJ PEDRIN 7 & MC Menor 17",0,
156,youtube,amazon,Old School (remix) (Remix),ZD Official Music,Let Me Clear My Throat (Old School Reunion Remix '96),DJ Kool,0,
633,spotify,youtube,Kalle 2 - Valle,DJ LKM,Kalle 2 (Valle),DJ LKM,1,
403,amazon,youtube,U.C.L,DJ LOOPZz feat. Dj ZXNDA & Mr Sanele,U.C.L (feat. Dj Zxnda & Mr Sanele),"DJ LOOPZz",1,
553,spotify,amazon,JZJS,DJ Mitsu The Beats,Pursuits of Clarity feat. Agape from Isosceles,DJ Mitsu The Beats,0,
181,youtube,spotify,W (feat. STARKIDS & Masayoshi Iimori),DJ CHARI,WAZE,DJ MURASH MUSIC,0,
126,youtube,amazon,Law,DJ Qu,Opened Arms,DJ Qu,0,
345,amazon,youtube,对头,走极端ZJD feat. 汪书记,"Taki Taki (feat. Selena Gomez, Ozuna & Cardi B)",DJ Snake,0,
438,spotify,amazon,"Qkyou -​ Get up",Qkyou,Get Up (Radio Edit),"DJ Thomilla & Afrob",0,
49,youtube,amazon,Alles (Verloren?),B.N.E,Cake By The Ocean,DNCE,0,
51,youtube,amazon,Dirty K,Kodak Black,What It Is (Block Boy) [feat. Kodak Black],Doechii feat. Kodak Black,0,
609,spotify,amazon,Jealous Type - Live From the 2025 MTV VMAs,Doja Cat,"Jealous Type",Doja Cat,0,
278,youtube,spotify,The D Is C,Dan Dogarai,Ways to Be Wicked,Dove Cameron,0,
231,youtube,spotify,Fuck Your,M.D.T.,Fuck You,Dr. Dre,0,
245,youtube,spotify,I Need A Doctor (feat. Eminem & Skylar Grey),Dr. Dre,I Need A Doctor,Dr. Dre,1,
77,youtube,amazon,F*** You (feat. Devin a/k/a The Dude & Snoop Dogg),Dr. Dre,Fuck You [feat. Devin The Dude & Snoop Dogg],Dr. Dre feat. Devin The Dude & Snoop Dogg,1,
182,youtube,spotify,Golden Knife,Y K L Ei N,Golden Brown,Dramatic Violin,0,
105,youtube,amazon,WFN (feat. Justin Stone),DREXEL AVE.,WFN,DREXEL AVE. feat. Justin Stone,1,
649,spotify,youtube,New Ceremony - Live performance shot by www.rockfeedback.tv,Dry the River,New Ceremony (Acoustic),Dry the River,0,
687,spotify,youtube,Loreley - ZDF Hitparade 13.07.1981,Dschinghis Khan,Loreley (English Version),Dschinghis Khan,0,
504,spotify,amazon,"Levitating (feat. DaBaby)",Dua Lipa,"Levitating [feat. DaBaby]","Dua Lipa feat. DaBaby",1,
512,spotify,amazon,Electric Life - Acoustic,Duncan Laurence,Electric Life,Duncan Laurence,0,
538,spotify,amazon,Vertigo - Lover Girl Remix,Dxrkaii,Vertigo (Lover Girl Remix),Dxrkaii,1,
496,spotify,amazon,u. x La La La (slowed),velours,velour (Slowed),DXXM & ProdChxn,0,
112,youtube,amazon,"Captain Save a Hoe (feat. The Click, D-Shot, B-Legit & Suga T)",E-40,Captain Save a Hoe,"E-40 feat. The Click, D-Shot, B-Legit & Suga T",1,
689,spotify,youtube,Boogie Wonderland (with The Emotions),"Earth, Wind & Fire",Boogie Wonderland (feat. The Emotions),"Earth, Wind & Fire",1,
227,youtube,spotify,UAF Theme 2009,Christopher Groove & Phillip Straub,Fata Morgana,EAV (Erste Allgemeine Verunsicherung),0,
257,youtube,spotify,EDV,Panda Black,Märchenprinz,EAV (Erste Allgemeine Verunsicherung),0,
151,youtube,amazon,Bad Luck,FM,Bad Habits,Ed Sheeran,0,
214,youtube,spotify,Jame Raho,Vishal Dadlani,Papi (Bhabi),Eden Shalev,0,
95,youtube,amazon,N. P.,Edmundo Rivero,Sur (Album Version),Edmundo Rivero,0,
541,spotify,amazon,"Hlonolofatsa (Live at the Mosaiek Teatro - Johannesburg, 2006)",Joyous Celebration,Joyous Celebration,Educating Through Imagination,0,
684,spotify,youtube,"Verschwende deine Zeit - Live im Komma, 2021",Edwin Rosen,Verschwende deine Zeit,Edwin Rosen,0,
654,spotify,youtube,Wo bist du (Du fehlst)?,Broilers,DU FEHLST,"Ehrlich Brothers & Britt Peters",0,
582,spotify,amazon,Eileen Og - Live,The Dubliners,The Dubliner,Eileen M. O'Brien,0,
591,spotify,amazon,Infiel,Eix,Infiel [feat. Los Fantastikos],"Eix, Brytiago & Rauw Alejandro feat. Los Fantastikos",1,
349,amazon,youtube,We Don't Have To Take Our Clothes Off (Remastered 2015),Ella Eyre,We Don't Have To Take Our Clothes Off,Ella Eyre,0,
203,youtube,spotify,DWI,MISSIO,Mission,Ely Oaks,0,
709,spotify,youtube,"Szállj, Csak Szállj!",Emilio,Valamit el kell mondjak,Emilio,0,
428,spotify,amazon,The Real Slim Shady - Edited,Eminem,The Real Slim Shady,"Eminem",0,
573,spotify,amazon,Ass Like That - Super Clean Version,Eminem,Ass Like That,Eminem,0,
27,youtube,amazon,Under The Influence (feat. D12),Eminem,Under The Influence [feat. D12],Eminem feat. D12,1,
48,youtube,amazon,"Bitch Please II (feat. Dr. Dre, Snoop Dogg, Xzibit & Nate Dogg)",Eminem,Bitch Please II [feat. Dr. Dre & Snoop Dogg & Xzibit & Nate Dogg],"Eminem feat. Dr. Dre, Snoop Dogg, Xzibit & Nate Dogg",1,
453,spotify,amazon,BBPM1+2,Emma DJ,"BBPM1+2 (FT. CAMBYSE, CXOXC, SHYWEEK)",Emma DJ,1,
746,spotify,youtube,DNA - Live At The Sydney Opera House / 2013,Empire Of The Sun,DNA,Empire Of The Sun,0,
800,spotify,youtube,Gbg Hipster - single edit,En Svensk Tiger,Gbg Hipster (single edit),En Svensk Tiger,1,
212,youtube,spotify,Suicide Miles (To Die Young) (JHS Amongst Dead Heroes Version) (feat. JHS Pedals),Handmade God,Hand im Gesicht,Endless Wellness,0,
328,amazon,youtube,Kru,"Enneyeen feat. Asimov, Trilo Beats, Tenninety & Alkaly","Kru (feat. Asimov, Trilo Beats, Tenninety & Alkaly)",Enneyeen,1,
327,amazon,youtube,SUBEME LA RADIO,Enrique Iglesias feat. Descemer Bueno & Zion & Lennox,SUBEME LA RADIO (feat. Descemer Bueno & Zion & Lennox),Enrique Iglesias,1,
679,spotify,youtube,Olympik - Live,"EOB",Olympik,EOB,0,
283,youtube,spotify,Dämonen (feat. Carl Emil),Epp,Dämonen,Epp,1,
440,spotify,amazon,SRV - Live In Concert,Eric Johnson,Camel's Night Out (Live),Eric Johnson,0,
540,spotify,amazon,I Wish It Was Me (Live),Obongjayar,I Wish It Was Me,Etham,0,
581,spotify,amazon,Sweet Dreams (Are Made of This) - 2005 Remaster,Eurythmics,Sweet Dreams (Are Made of This) (2005 Remaster),"Eurythmics, Annie Lennox & Dave Stewart",1,
188,youtube,spotify,Opijamy,E V,Let Me Blow Ya Mind,Eve,0,
562,spotify,amazon,Ross & Rachel,Ewa Farna,Cicho,Ewa Farna,0,
580,spotify,amazon,Advance (Official Music Video),F.S.,Advance,F.S.,0,
353,amazon,youtube,The Super Mario Bros. (Peaches) (Remix),F4ST,The Super Mario Bros (Peaches) (Techno),F4ST,0,
352,amazon,youtube,"Madoromu",KIU,Emwimasunudamwan (2024 Remaster),Fabomo Edoleyi,0,
660,spotify,youtube,"Kann es Liebe sein? (ZDF Wetten, dass..? 15.12.1984) - VOD",Falco,Kann Es Liebe Sein? (Single Version),Falco,0,
695,spotify,youtube,"Kann es Liebe sein? (ZDF Wetten, dass..? 15.12.1984) - VOD",Falco,Kann Es Liebe Sein?,Falco,0,
37,youtube,amazon,Coup (feat. Goupy & Carmelo gaza),FAYAM'S,Coup,FAYAM'S feat. Goupy & Carmelo gaza,1,
159,youtube,amazon,Q?,Froid,A Little Party Never Killed Nobody (All We Got),"Fergie, Q-Tip & GoonRock",0,
395,amazon,youtube,Fgz,Ferus,FGZ,"Ferus Mustafov",1,
124,youtube,amazon,techno,"iax",Abenteuerland,"FiNCH, SDP & Phil The Beat",0,
351,amazon,youtube,Home,Forever James,Forever,FIYA & James Fortune,0,
630,spotify,youtube,"Everywhere (Live at Warner Brothers Studios, Burbank, CA 5/23/1997) - HD Remaster",Fleetwood Mac,"Everywhere (Live at Warner Brothers Studios in Burbank, CA 5/23/97)",Fleetwood Mac,0,
754,spotify,youtube,Little Lies - 2017 Remaster,Fleetwood Mac,Little Lies (Extended Version) (Extended Version; 2017 Remaster),Fleetwood Mac,0,
295,youtube,spotify,Don't Stop (2004 Remaster),Fleetwood Mac,Don't Stop - 2004 Remaster,Fleetwood Mac,1,
611,spotify,amazon,My Love - Live,Florence + The Machine,My Love,Florence + The Machine,0,
445,spotify,amazon,Birch Tree - Extended,Foals,Birch Tree,Foals,0,
469,spotify,amazon,Grow (feat. Wye Oak) - Live Performance,Forester,Grow,Forester feat. Wye Oak,0,
230,youtube,spotify,You Make Me Feel Good (Radio Mix),JK,YOU MAKE ME FEEL ALIVE,FoxTune,0,
495,spotify,amazon,C'était l'hiver - D'une ombre à l'autre [Acoustique],Francis Cabrel,C'était l'hiver (Live au Centre Culturel de Sarlat - Mai1991),Francis Cabrel,0,
10,youtube,amazon,死ぬのがいいわ - Shinunoga E-Wa,Fujii Kaze,Shinunoga E-Wa,Fujii Kaze,1,
791,spotify,youtube,Your girl,FVLCRVM,Your Girl,FVLCRVM,1,
645,spotify,youtube,PTSD,G Herbo,"PTSD (feat. Lil Uzi Vert, Juice WRLD & Chance The Rapper)",G Herbo,1,
448,spotify,amazon,Tulips & Roses - Director's Cut,G-Eazy,Tulips & Roses,G-Eazy,0,
72,youtube,amazon,Tumblr Girls (feat. Christoph Andersson),G-Eazy,Tumblr Girls,G-Eazy feat. Christoph Andersson,1,
359,amazon,youtube,G'D Up (Album Version ),G-Unit,G'D Up,G-Unit,0,
263,youtube,spotify,G-Unit,G-Unit,Poppin' Them Thangs,G-Unit,0,
18,youtube,amazon,Done to Me (feat. Wrekonize),JL,Look What Your Lovin's Done To Me,Gareth & Joss Stone,0,
483,spotify,amazon,Genesis,Ptr.,Land of Confusion (2007 Remaster),Genesis,0,
271,youtube,spotify,NR. 12,Genetikk,NR. 10,Genetikk,0,
659,spotify,youtube,"Shotgun - Live from Strictly Come Dancing, 2018",George Ezra,Shotgun,George Ezra,0,
727,spotify,youtube,"Shotgun - Live from Strictly Come Dancing, 2018",George Ezra,Paradise,George Ezra,0,
598,spotify,amazon,"Father Figure - Remastered",George Michael,"Father Figure (Remastered)",George Michael,1,
543,spotify,amazon,Est-ce que tu m'aimes ? - Pilule bleue,GIMS,Est-ce que tu m'aimes ? (Pilule bleue),GIMS,1,
739,spotify,youtube,"Tutto grigio - Live at New Fall Festival, Düsseldorf",Crucchi Gang,"Side "": Perilaus / Phalaris Tauro / Dionysia / Theogonia",Glice,0,
343,amazon,youtube,YZ (feat. Pressure 9X19 & Turbo),"Glizzy Gvng, Pressure 9X19 & Turbo",LVR,Glizzy Gvng & PAUSA LVR,0,
284,youtube,spotify,Invisible Parade,WTJ Universe,Busted and Blue,Gorillaz,0,
524,spotify,amazon,soul,PerSun,Feel Good Inc.,Gorillaz & De La Soul,0,
35,youtube,amazon,Q,GOT7,PYTHON,GOT7,0,
506,spotify,amazon,Vom Herz kummt - Live in der Arena Wien,Granada,Vom Herz kummt,Granada,0,
158,youtube,amazon,Holiday / Boulevard of Broken Dreams (Live at Sessions@AOL),Green Day,Holiday / Boulevard of Broken Dreams,Green Day,0,
220,youtube,spotify,The Sound of the Douchebag,YUY,Holiday,Green Day,0,
599,spotify,amazon,Flip The Record,Greyson Chance,shut up,Greyson Chance,0,
730,spotify,youtube,Uh'eog Ot N'ghangluiI (Rey De Las Plagas),Yung Lucy,"At Еhe Licentious Abortionist's Abattoir, Thine Disinherited Gravid Worms Adjure Excruciatingly",Grieving Age,0,
505,spotify,amazon,DCX3 - Live,Grinspoon,DCx3,Grinspoon,0,
90,youtube,amazon,Upgrade U (feat. JAY-Z),Beyoncé,Upgrade U,Groove Rising,1,
370,amazon,youtube,Higher Power (Matt Sassari Remix),"Gryffin, Lavern & Matt Sassari feat. AR/CO",Higher Power (Matt Sassari Remix) (feat. AR/CO),Gryffin,1,
604,spotify,amazon,Для неё,GUF,Неужели,Guf,0,
73,youtube,amazon,Ra Ma,Gurudass,Ap Sahai Hoa,Gurudass,0,
782,spotify,youtube,You Make It Feel Like Christmas (Live From The Orange Grove),Gwen Stefani,You Make It Feel Like Christmas (feat. Blake Shelton),Gwen Stefani,0,
648,spotify,youtube,Shadowboxin',GZA,Shadowboxin' (feat. Method Man),GZA,1,
786,spotify,youtube,Power Up - Radio Edit,H.Qube,Power Up (Radio Edit),H.Qube,1,
410,amazon,youtube,Funk Secreto (Super Slowed),h6itam & STRAWANGLE feat. Mc RP VK & MC Da 12,Funk Secreto (Super Slowed) (feat. MC RP VK & MC Da 12),h6itam,1,
164,youtube,spotify,Wo ich herkomm (feat. Milonair & Hanybal),Haftbefehl,Wo ich herkomm,Haftbefehl,1,
420,amazon,youtube,"Soundeffekte",Halloween Kids & Halloween,Halloween Sound Effects Party (Horror) [Scary],Halloween Sounds,0,
711,spotify,youtube,"Where Is The Love (feat. NIve) [Live Acoustic at C-Pro Studio Jakarta, 2019]",Hanin Dhiya,Where Is The Love (feat. NIve),Hanin Dhiya,0,
507,spotify,amazon,Block 6 (Tzgwalla & Lucii) HB Freestyles - Season 2,Hardest Bars,Block 6 (Tzgwalla & Lucii) HB Freestyles (Season 2),"Hardest Bars, Lucii & Tzgwala feat. Block 6",1,
244,youtube,spotify,man up (feat. RW 5ive),HariRoc,"man up",Hariroc,1,
209,youtube,spotify,FCK This World,Discollusion,As It Was,Harry Styles,0,
243,youtube,spotify,AO (feat. 4miral_),AEL,4AM,Harry T,0,
223,youtube,spotify,Letter C Song,Have Fun Teaching,Letter A Song (Shoot Your Arrow at the Letter A),Have Fun Teaching,0,
258,youtube,spotify,Free,OSI,Freedom By Fire,Havoc Osiris,0,
254,youtube,spotify,Uyeke (feat. Natalia Mabaso),Heavy-K,Uyeke,Heavy-K,1,
314,amazon,youtube,Involved,UW,We Built This House (Fire Island Mix) (feat. Cevin Fisher),Heller & Farley Project,0,
558,spotify,amazon,"PTNDCVD - Mask Song",Helmut Fritz,Ça m'énerve (Radio Edit),Helmut Fritz,0,
696,spotify,youtube,"Zeit, dass sich was dreht - Live von der „Das ist los“ Tour 2023",Herbert Grönemeyer,Das ist los,Herbert Grönemeyer,0,
192,youtube,spotify,No Hieras Mi Corazón,GIT,Gitanes,Herbert Pixner Projekt,0,
270,youtube,spotify,Foi Feitiço,André Sardet,Cento Lire,Herbert Pixner Projekt,0,
625,spotify,youtube,When You Walk Away From Me,Het Muziek,When You Walk Away From Me (feat. Club Guy & Roni & Luke Deane),"Het Muziek, HIIIT, NKK NXT, and NITE ensemble",1,
414,amazon,youtube,Gh,Loce,"Lost or Love (feat. GH, FORUS & FREEFA)",HK,0,
735,spotify,youtube,Urettferdig - Live,Hkeem,"Urettferdig",Hkeem,0,
778,spotify,youtube,Golden - David Guetta REM/X,HUNTR/X,Golden (David Guetta REM/X (Extended)),HUNTR/X,0,
600,spotify,amazon,nuts - Extended Instrumental Remake,hxida,nuts (Instrumental Remake),hxida,0,
760,spotify,youtube,SWITCHING LANES,HXVRMXN,OUTRUN,HXVRMXN,0,
331,amazon,youtube,"Ryufukumaru (Rerecorded)",HY,"隆福丸 (Rerecorded) - Ryufukumaru (Rerecorded)",HY,1,
716,spotify,youtube,"MR.XXL (Ralphy Grey Remix) [feat. Ne-Yo]",HyenaXXL,"MR.XXL (Ralphy Grey Remix) (feat. Ne-Yo)",HyenaXXL,1,
222,youtube,spotify,ZQ,TempuraRubbish,Temperature,HZE,0,
280,youtube,spotify,E,Ian,Desire,Ian Asher,0,
545,spotify,amazon,PAMPA NA GARUPA,Iedo Silva,Pampa na Garupa,Iedo Silva,1,
178,youtube,spotify,Pu$$y,Iggy Azalea,Fancy,Iggy Azalea,0,
296,youtube,spotify,"Intshaba Zam (feat. Quote T, Flash iKumnkani & Dollxr)",iHlubi eLihle SB,Iza Ngomva,iHlubi eLihle SB,0,
818,spotify,youtube,Rapture (Riva Remix) [feat. Nadia Ali],iio,Rapture (Riva Remix) (feat. Nadia Ali),iiO,1,
380,amazon,youtube,"Rakkaani Ajaa Rekkaa",Iku,Rakkaani ajaa rekkaa,Iku,1,
674,spotify,youtube,Një Çast I Gëzuar,Ilir Shaqiri,Kush si këtu dashni nuk t'fal,ILIR SHAQIRI,0,
732,spotify,youtube,Yjet E Gjakovës,Ilir Shaqiri,Ilir Lushtaku,Ilir Shaqiri,0,
202,youtube,spotify,Raw High,FMN,Dance With The Devil,Immortal Technique,0,
714,spotify,youtube,Wish You Were Here (Incubus HQ Live) - taken from HQ Live DVD,Incubus,"Wish You Were Here (Live at HQ, Los Angeles, CA - June/July 2011)",Incubus,0,
612,spotify,amazon,Dacă tu nu ai fi (cu Edward Sanda),Ioana Ignat,Daca tu nu ai fi (Split X Dj Yaang Remix),Ioana Ignat & Edward Sanda,0,
404,amazon,youtube,Point Broke,Kwis,Broken,"Isak Danielson",0,
93,youtube,amazon,너랑 나 YOU & I,IU,Love wins all,IU,0,
729,spotify,youtube,yp 2pac kingston - Remix,IWA.PROD,yp 2pac kingston (Remix),IWA.PROD,1,
104,youtube,amazon,She Knows (feat. Amber Coffman & Cults),J. Cole,She Knows [feat. Amber Coffman & Cults],J. Cole feat. Amber Coffman & Cults,1,
798,spotify,youtube,Let's Get Married (feat. Run) - ReMarqable Remix,Jagged Edge,Let's Get Married (ReMarqable Remix) (feat. Run),Jagged Edge,1,
250,youtube,spotify,I Command My Body,Tai Jay GPW,The Pillar of Peace Protection,Jah-Sway,0,
756,spotify,youtube,"Peer Pressure",James Bay,Peer Pressure (feat. Julia Michaels),James Bay,1,
571,spotify,amazon,"Large - Live",Jan Delay,Large (Live),Jan Delay,1,
722,spotify,youtube,Poverty and Famine - Instrumental,Jan Valta,Till Our Heads Turn White (Instrumental),Jan Valta,0,
261,youtube,spotify,"Blauliecht 2 (feat. Besko, Jason, ZH & OG-Murdog) (feat. Besko, Jason, OG-Murdog & ZH)",Gsezhlos,Blaue Augen,JAS,0,
204,youtube,spotify,Devil Tag,Jaymin Dabhoda,Devil,JASMYN,0,
392,amazon,youtube,Yo House,Gyp,Deep Sleep Music: Deeper Relaxation,Jason Stephenson,0,
669,spotify,youtube,El RM (En Vivo) (En Vivo),Javier Olguin,El RM (En Vivo),Javier Olguin,1,
184,youtube,spotify,Can I Get A... (From The Rush Hour Soundtrack) (feat. Amil & Ja Rule),JAY-Z,Can I Get A...,JAY-Z,0,
140,youtube,amazon,Empire State Of Mind (feat. Alicia Keys),JAY-Z,Empire State Of Mind [feat. Alicia Keys],Jay-Z feat. Alicia Keys,1,
55,youtube,amazon,Can I Get A... (From The Rush Hour Soundtrack) (feat. Amil & Ja Rule),JAY-Z,Can I Get A... (From The Rush Hour Soundtrack) [feat. Amil & Ja Rule],Jay-Z feat. Amil & Ja Rule,1,
86,youtube,amazon,"Young Forever (feat. Mr Hudson)","JAY-Z",Young Forever [feat. Mr Hudson],Jay-Z feat. Mr Hudson,1,
406,amazon,youtube,What is Reality ? (Original Mix),JCL,What is Reality ?,JCL,0,
749,spotify,youtube,Jenny from the Block,Jennifer Lopez,Jenny from the Block (Track Masters Remix) (feat. Jadakiss & Styles P.),Jennifer Lopez,0,
606,spotify,amazon,Jenny from the Block,Jennifer Lopez,Jenny from the Block (Track Masters Remix),Jennifer Lopez feat. Jadakiss & Styles P.,0,
594,spotify,amazon,Don't Tell 'Em,Jeremih,Don't Tell 'Em [feat. YG],Jeremih feat. YG,1,
396,amazon,youtube,Price Tag [feat. B.o.B],"Jessie J feat. B.o.B","Price Tag (feat. B.o.B)",Jessie J,1,
391,amazon,youtube,INCONSTANTE,Jhonatas Vof,Saudades,Jhonatas Vof,0,
219,youtube,spotify,Pour Wax (feat. Hell Rell),Jim Jones,Pour Wax,Jim Jones,1,
287,youtube,spotify,GK,Emmanuel KKA & Saw Daniel,Emmanuel,JKriv,0,
533,spotify,amazon,Das geht tief - VOD,Joachim Witt,Das geht tief (Bayreuth 1),Joachim Witt,0,
240,youtube,spotify,"TA-TA-RI-GAMI (The Demon God) (Symphonic Suite ""Princess Mononoke"" / Live)",Joe Hisaishi,The Demon God,Joe Hisaishi,0,
444,spotify,amazon,Бездельник №1,Kino,Atmosphäre,Joel Shearer & Joseph August feat. Andy Aquarius,0,
200,youtube,spotify,Demon,J.V,By the Sea - Highlights Version,Johnny Depp,0,
683,spotify,youtube,Burn Me - LIVE from Montana,Jonah Kagen,Burn Me,Jonah Kagen,0,
713,spotify,youtube,"Stay In Bed (While The World Burns)",Jonathan Roy,"Stay In Bed and F*** (While The World Burns)",Jonathan Roy,0,
641,spotify,youtube,Occhi a cuore - Live @ PalaJova 2025,Jovanotti,Occhi A Cuore (Live 2025),Jovanotti,1,
721,spotify,youtube,"Mthunzi's Back to the Cross (Live at Grace Bible Church - Soweto, 2015)",Joyous Celebration,Jabu's back to the Cross,Joyous Celebration,0,
479,spotify,amazon,Bandit (with YoungBoy Never Broke Again),Juice WRLD,Bandit,Juice WRLD & Youngboy Never Broke Again,1,
470,spotify,amazon,"Double Life - From ""Despicable Me 4""",Pharrell Williams,Double Life Despicable Me 4 (GAY VERSION),Juiceboxo feat. Samuel26640,0,
289,youtube,spotify,UTU,King Brothers,"Shell Shocked (feat. Kill the Noise & Madsonik) - From ""Teenage Mutant Ninja Turtles""","Juicy J",0,
602,spotify,amazon,Man muß das Leben eben nehmen wie das Leben eben ist (ZDF Disco 22.05.1976) - VOD,Juliane Werding,Man muß das Leben eben nehmen wie das Leben eben ist,Juliane Werding,0,
268,youtube,spotify,Zanotti,YL,YSL,June Freedom,0,
388,amazon,youtube,Mad In Love,C.T.,My Love (feat. T.I.),Justin Timberlake,0,
412,amazon,youtube,About This,Pive,My Love (feat. T.I.),Justin Timberlake,0,
43,youtube,amazon,Suit & Tie (feat. JAY-Z),Justin Timberlake,Suit & Tie,Justin Timberlake feat. Jay-Z,1,
40,youtube,amazon,Lusis (feat. Kishan),E.J,golden hour,JVKE,0,
463,spotify,amazon,Bang Bang,K'NAAN,Bang Bang [feat. Adam Levine],K'naan feat. Adam Levine,1,
797,spotify,youtube,High Enough - RAC Remix,K.Flay,High Enough (RAC Remix),K.Flay,1,
375,amazon,youtube,Hurra die Welt geht unter [feat. Henning May],K.I.Z feat. Henning May,Hurra die Welt geht unter (feat. Henning May),K.I.Z,1,
152,youtube,amazon,ZS-Y,Major SPZ,SI,Kali & Major SPZ,0,
336,amazon,youtube,Runaway [feat. Pusha T],Kanye West feat. Pusha T,Runaway (feat. Pusha T),Kanye West,1,
129,youtube,amazon,Rach,Zm Voenix,RACHE (SABAH SABAH),"Kardo, Haftbefehl & X Wave",0,
525,spotify,amazon,Золото - Rakurs & Ramirez Remix,KARTASHOW,Золото (Rakurs & Ramirez Remix),Kartashow & Мари Краймбрери,1,
382,amazon,youtube,Sk,Waka idloze,Waka,Karyendasoul,0,
211,youtube,spotify,Ciklop,VZ,VKZS,KASIMIR1441,0,
201,youtube,spotify,Msafara (feat. YMK & Djoudja),Amd Sad,Sada9tha,Kaso,0,
413,amazon,youtube,SRB,kasura feat. Jose,SRB (feat. Jose),kasura,1,
324,amazon,youtube,Dark Horse [feat. Juicy J],Katy Perry feat. Juicy J,Bon Appétit (feat. Migos),Katy Perry,0,
12,youtube,amazon,UwU,NJ,UWU,KEAN DYSSO,1,
247,youtube,spotify,"Ivy League (feat. Ch'cco, Ta Skipper, Tlholo & Yumbs)",Kelvin Momo,"Ivy League (feat. Ch'cco, Yumbs, Ta Skipper and Tlholo)",Kelvin Momo,1,
360,amazon,youtube,kickickic,JYW,KICK BACK,Kenshi Yonezu,0,
71,youtube,amazon,Go (Remix) (feat. elijah kitaka),Karole Kasita,Mpola,Kent & Flosso feat. Karole Kasita,0,
36,youtube,amazon,D,Kerchak,Saison 2,Kerchak,0,
399,amazon,youtube,Letter To Myh,WEL,A Letter to My Daughter,"Kerri Brown",0,
436,spotify,amazon,WANTCHU - HTOWN REMIX - LIVE,keshi,Say,keshi,0,
232,youtube,spotify,"110 Song CD",Anal Cunt,Absolute Cunt of a Day,Kevin Bloody Wilson,0,
647,spotify,youtube,Present - TikTok #RnBVibes Performance,Khalid,Young Dumb & Broke,Khalid,0,
269,youtube,spotify,Wa Mbilu (feat. ITRIS),Khanyie,Wa Mbilu,Khanyie,1,
67,youtube,amazon,"My Neck, My Back (Lick It)",Khia,"My Neck, My Back",Khia,1,
47,youtube,amazon,Are You Real?,KJ-52,Island of the Misfit Toys (feat. Social Club),Kj-52,0,
627,spotify,youtube,Pass auf auf dich - Live in Köln,KLAN,Pass auf auf dich,KLAN,0,
516,spotify,amazon,"Breathe Me - triple j Like A Version",KLP | Stace Cadet,Breathe Me (triple j Like A Version),KLP & Stace Cadet,1,
241,youtube,spotify,FWN,Klusterphukk,WAR,Kluster Flux,0,
425,spotify,amazon,Gangster & Gentlemen,Kontra K,Gangster und Gentlemen (Interview),Kontra K,0,
198,youtube,spotify,Auf der Klinge,Kontra K,Erfolg ist kein Glück,Kontra K,0,
165,youtube,spotify,All the Stars (Instrumental),KPH,All the Stars - Instrumental,KPH,1,
128,youtube,amazon,XL (Extra Love) (XL (Extra Love)),ICHILLIN',Feel love,Krisg184,0,
464,spotify,amazon,Platna Milosc,Krzysztof Krawczyk,Płatna miłość (2011 Version),Krzysztof Krawczyk,0,
789,spotify,youtube,Ojda Ojada,Krzysztof Krawczyk,Dla nas zbudził się dzień,Krzysztof Krawczyk,0,
196,youtube,spotify,Tu Kisi Rail Si,Swanand Kirkire,I wer blad,Kurt Sowinetz,0,
281,youtube,spotify,Ruususen unii (feat. Kunelius & KauhiaJuha),KSP,Ruoska,Käärijä,0,
389,amazon,youtube,Love Kiss Baby (A Different Lounge Mix),LKB,Love Kiss Baby,L.K.B.,0,
401,amazon,youtube,LM,WANNABEROB,Be My Lover,La Bouche,0,
251,youtube,spotify,Xz,Le'Ko,XOX,"LACAZETTE",0,
130,youtube,amazon,Oz,Lacrim,No lo sé,Lacrim,0,
302,youtube,spotify,Y a R,Lacrim,No lo sé,Lacrim,0,
764,spotify,youtube,Just Dance,Lady Gaga,Just Dance (feat. Colby O'Donis),Lady Gaga,1,
437,spotify,amazon,Just Dance,Lady Gaga,Just Dance [feat. Colby O'Donis],Lady Gaga feat. Colby O'Donis,1,
411,amazon,youtube,Licht & Schatten,B.W.S,Schatten & Licht,LaFee,0,
699,spotify,youtube,"No Risk, No Fun",LINA,Diet Mountain Dew,Lana Del Rey,0,
154,youtube,amazon,Aao Bachchon,Lata Mangeshkar,Aao Bachcho Tumhen Dikhayen,Lata Mangeshkar & Adinath Mangeshkar,0,
325,amazon,youtube,Wont Break Your Heart,GDL,Let You Break My Heart Again,Laufey,0,
81,youtube,amazon,C LA V,Lbenj,HWASI,lbenj,0,
29,youtube,amazon,PROJECT: Yi (feat. Vicetone),League of Legends,PROJECT: Yi,League of Legends feat. Vicetone,1,
145,youtube,amazon,Bron-Yr-Aur (1993 Remaster),Led Zeppelin,Bron-Yr-Aur (Remaster),Led Zeppelin,1,
456,spotify,amazon,Levels - Phonk Remix,XP.UFX.,Lessons In Love,Level 42,0,
103,youtube,amazon,Welcome to The I.E. (feat. Different Stilo Boys),Lil G 909,Welcome to The I.E.,Lil G 909 feat. Different Stilo Boys,1,
355,amazon,youtube,Up It Some More Demo,PRODUCEDBY3M feat. Big Breesha & G Whz,Lovers And Friends,"Lil Jon & The East Side Boyz",0,
115,youtube,amazon,Call Me,ZP,MONTERO (Call Me By Your Name),Lil Nas X,0,
515,spotify,amazon,"Old Town Road (feat. Billy Ray Cyrus)",Lil Nas X,Old Town Road (Remix),Lil Nas X feat. Billy Ray Cyrus,0,
529,spotify,amazon,Falling Down - Bonus Track,Lil Peep,Falling Down (Bonus Track),Lil Peep & XXXTentacion,1,
215,youtube,spotify,Prayer in C (Robin Schulz Remix),Lilly Wood & The Prick,Prayer in C - Robin Schulz Radio Edit,Lilly Wood and The Prick,0,
361,amazon,youtube,"Mädchen gegen Jungs (feat. Lina Larissa Strahl, Lisa-Marie Koroll, Phil Laude, Louis H.)","Bibi und Tina, Peter Plate & Ulf Leo Sommer feat. Lina Larissa Strahl, Lisa-Marie Koroll, Phil Laude & Louis H.",Sie reden ja eh (feat. Phil Laude),LINA,0,
190,youtube,spotify,OP,So La Lune,Bester Sommer,Lina Larissa Strahl,0,
179,youtube,spotify,NY NY (feat. Tony Yayo),Lloyd Banks,NY NY,Lloyd Banks,1,
546,spotify,amazon,Young Girl A - Epic Orchestral Version,logan feece,Young Girl A (Epic Orchestral Version),Logan Feece,1,
274,youtube,spotify,"The W (feat. GZA, U-God, Method Man & Raekwon)",Wu-Tang Clan,"Wu Tang Forever (ft. Ghostface Killah, Raekwon, RZA, Method Man, Inspectah Deck, Cappadonna, Jackpot Scotty Wotty, U-God, Masta Killa, GZA)",Logic,0,
548,spotify,amazon,"Egoist - Live At Elbphilharmonie Hamburg",JEREMIAS,I FOLLOW (Live at Elbphilharmonie Hamburg (Amazon Original)),Loi & Channel Aid,0,
704,spotify,youtube,"You're Mine - Live At Festival Fnac, Paris / 2016",Lola Marsh,Days To Come,Lola Marsh,0,
15,youtube,amazon,k,KINGS,F**K EVERYONE,Lola Young,0,
767,spotify,youtube,Nro. 2 en Tu Lista / Contrabando de Amor (En Vivo),Los Fabulosos Cadillacs,No. 2 En Tu Lista/Contrabando De Amor (Versión Remasterizada (Live)),"Los Fabulosos Cadillacs",0,
498,spotify,amazon,Feeling,HMB,The Feeling,Lost Frequencies & Bonn,0,
629,spotify,youtube,What A Wonderful World - At The BBC,Louis Armstrong,What A Wonderful World (Live At The BBC),Louis Armstrong,1,
153,youtube,amazon,"NO CD (feat. Rebel Kleff)",Loyle Carner,"NO CD [feat. Rebel Kleff]",Loyle Carner feat. Rebel Kleff,1,
248,youtube,spotify,Loch,EvZ & BigMav,Hörst du die Regenwürmer husten?,Luca-Dante Spadafora,0,
315,amazon,youtube,Bamba [feat. BIA],Luciano & Aitch feat. BIA,Bamba (feat. BIA),Luciano,1,
157,youtube,amazon,Haine,MH,La Haine,Luciano,0,
536,spotify,amazon,"Joyful, Joyful, We Adore Thee",Ludwig van Beethoven,"Joyful, Joyful, We Adore Thee (Live)",Ludwig van Beethoven & Libera,0,
596,spotify,amazon,Paraxaxá (TV Tupi 1953),Luiz Gonzaga,A Morte do Vaqueiro,Luiz Gonzaga,0,
318,amazon,youtube,Burgerpommes,LukasBS & Marvin Vlogt feat. iCrimax,Burgerpommes (feat. iCrimax),LukasBS,1,
593,spotify,amazon,Aviso aos Navegantes - Ao Vivo,Lulu Santos,Apenas Mais uma de Amor (Ao Vivo),Lulu Santos,1,
334,amazon,youtube,Bis es weh tut [feat. Max Mutzke],Luxuslärm feat. Max Mutzke,Bis es weh tut (feat. Max Mutzke),Luxuslärm,1,
384,amazon,youtube,Brisé,LVZ,Cassé,LVZ,0,
307,youtube,spotify,fHJ-te queiro-hxx,XxMadameDripzzxx,ISQUEIRO,LXNGVX,0,
229,youtube,spotify,WAKE&BAKE,MKT,WAKE & BAKE,M28,1,
272,youtube,spotify,Mac Miller,XVR,Love Lost,Mac Miller,0,
148,youtube,amazon,En El Pasado Feat P.N.O (feat. P.N.O),Macko,En El Pasado Feat P.N.O,MacKo,1,
544,spotify,amazon,S&M (With Chacel) - HYPERTECHNO Edit,Macon,S&M (HYPERTECHNO Edit),Macon & Chacel,1,
634,spotify,youtube,Don't Worry (with Ray Dalton) - Radio Edit,Madcon,Don't Worry (with Ray Dalton) [Radio Edit] (feat. Ray Dalton),Madcon,1,
753,spotify,youtube,Don't Worry (feat. Ray Dalton),Madcon,Don't Worry (with Ray Dalton) [Radio Edit] (feat. Ray Dalton),Madcon,0,
170,youtube,spotify,Gu,Freaky,Freaky Like Me,Madcon,0,
610,spotify,amazon,Don't Worry (feat. Ray Dalton),Madcon,Don't Worry (feat. Ray Dalton) [Calvo Remix],Madcon feat. Ray Dalton,0,
169,youtube,spotify,RS,HLD,RS Coupé,MADE,0,
574,spotify,amazon,Frozen - Fireboy DML Remix,Madonna,Frozen (Fireboy DML Remix),Madonna & Sickick,1,
9,spotify,youtube,"Killshot - Slowed + Reverb",Magdalena Bay,Killshot,Magdalena Bay,0,
710,spotify,youtube,"Keine Ahnung warum - Live In Berlin, Germany / 2014",SDP,Magic in the Air (feat. Ahmed Chawki),Magic System,0,
806,spotify,youtube,"Vuela, Vuela (Voyage, Voyage) - Premios Juventud 2016",Magneto,"Vuela, Vuela (Voyage, Voyage)",Magneto,0,
335,amazon,youtube,Light It Up,Major Lazer feat. Nyla & Fuse ODG,Light It Up (feat. Baby K) (Ora Che Non C'è Nessuno Remix) (feat. Baby K),Major Lazer,0,
340,amazon,youtube,Light It Up,Major Lazer feat. Nyla & Fuse ODG,Light It Up (feat. Nyla & Fuse ODG) [Remix] (feat. Fuse ODG & Nyla),Major Lazer,0,
205,youtube,spotify,Weź mnie (feat. Kazior & Natis),Major SPZ,Weź mnie,Major SPZ,1,
565,spotify,amazon,Phumla Mama,Mali Soul,Phumla Mama (A Song for Mama),Mali Soul,1,
54,youtube,amazon,O. Gl. Ost (Instrumental),Malk De Koijn,"O. Gl. Ost (Instrumental (Remastered))",Malk De Koijn,0,
454,spotify,amazon,Dance with Somebody - Radio Version,Mando Diao,Dance with Somebody (Radio Version),Mando Diao,1,
503,spotify,amazon,Dance with Somebody - MTV Unplugged,Mando Diao,Dance with Somebody,Mando Diao,0,
586,spotify,amazon,Welcome to the Club - Nightcore & KYANU Edit,Manian,Welcome to the Club (Nightcore Edit),Manian,0,
143,youtube,amazon,TRN (BUKAYO SAKA) (feat. Coga & AP),TRN,сияй 2,Mariana & Trn,0,
366,amazon,youtube,Memories Come Back,Yue,Memories,Maroon 5,0,
651,spotify,youtube,"Moves Like Jagger - Studio Recording From ""The Voice"" Performance",Maroon 5,"Moves like Jagger (Studio Recording from ""The Voice"" Performance) (feat. Christina Aguilera)",Maroon 5,1,
56,youtube,amazon,Tar Kvelden,Martin Hazy,Ensom,Martin Hazy,0,
332,amazon,youtube,Ayatul Kursi,Quran,Quran - Mashary Rashed Al AFasy_AL-ANAAM,Mashary Rashed Al AFasy,0,
400,amazon,youtube,Teardrop [feat. Elizabeth Fraser],Massive Attack feat. Elizabeth Fraser,Teardrop (feat. Elizabeth Fraser),Massive Attack,1,
34,youtube,amazon,QTS,Matthew Wood,H.E.R.B.I.E.'s Lullaby,Matthew Wood,0,
676,spotify,youtube,Unforgettable - Live at ESC-Countdown 2019 / Hamburger Reeperbahn,Nico Santos,"Unforgettable (Aus Sing meinen Song, Vol. 7)",Max Giesinger,0,
639,spotify,youtube,QUÉ HACER - Slowed,DJ Javi26,Abusadamente,MC Gustta,0,
88,youtube,amazon,Poderoso Chefão,Rodrigo do CN,Eita Rayane,MC Rodrigo do CN,0,
501,spotify,amazon,"Galopa Então",MC TH PQJ,OS CRIAS PIRANHÃO,Mc Th & Quer Funk ? Então Toma !,0,
712,spotify,youtube,Anime Thighs,MC Virgins,Anime Thighs (feat. wonder),MC Virgins,1,
385,amazon,youtube,Fake Love (Orchestral Version),MDP,Fake Love,MDP,0,
42,youtube,amazon,H.exe,Mega Drive,NARC,Mega Drive,0,
238,youtube,spotify,Twx,Universal Body Rule,Body,Megan Thee Stallion,0,
513,spotify,amazon,Vuelvo A Traficar - Live,Melendi,Vuelvo A Traficar (2006 Digital Remaster;),Melendi,0,
560,spotify,amazon,一滴の影響 (Live at Osaka-Jo Hall 2016.12.21),UVERworld,一滴の影響 (Cover),Merm4id & 松山ダリア(CV:根岸 愛),0,
69,youtube,amazon,Guinnessez (feat. Stahhr & 4ize),MF DOOM,One Beer,MF DOOM,0,
337,amazon,youtube,2 PHUT FUNK (Slowed Reverb),DJ MGD & Phonk 808 feat. MC Trollge CR,2 Phut Hon Funk (Slowed),MGD,0,
755,spotify,youtube,Classic MJ x Love Never Felt So Good,Michael Jackson,Love Never Felt So Good,Michael Jackson,0,
138,youtube,amazon,Echange,Michael Lowenstern,J.S. Bach: Bouree,Michael Lowenstern,0,
465,spotify,amazon,The Other Side - Live,Michael Marcagi,"The Other Side",Michael Marcagi,0,
378,amazon,youtube,Nossa Nossa (Ai Se Eu Te Pego) (Single Version),Ai Se Eu Te Pego Nossa Nossa,Ai Se Eu Te Pego (Ao Vivo),Michel Teló,0,
718,spotify,youtube,"Sacrifices (Official Music Video) (feat. Molly D Rossilinni)",YD From Tha North,"Sacrifices",Mike Malagies,0,
275,youtube,spotify,Alphabet Bitches (W.K.P) (feat. Steexy4300 & 62Bankrollz),GuapoHeadHunch00,Alphabet Bitches,MikeJack3200,0,
63,youtube,amazon,Inveja,R.S.U.,Party In The U.S.A.,Miley Cyrus,0,
39,youtube,amazon,D**kface,Mindless Self Indulgence,Bring The Pain (New Wave),Mindless Self Indulgence,0,
174,youtube,spotify,D**kface,Mindless Self Indulgence,Seven Minutes in Heaven,Mindless Self Indulgence,0,
172,youtube,spotify,NESETNY ZAMAN,YARA,В экстазе,Misha Xramovi,0,
570,spotify,amazon,"Nginobufakazi (Live at 012 Central, Pretoria 2024) (feat. Oncemore Six)",Mmuso Worship,Nginobufakazi (Reprise),Mmuso Worship feat. Oncemore Six,0,
50,youtube,amazon,H,Mortal Sin,Voyage Of The Disturbed,Mortal sin,0,
84,youtube,amazon,Banger (feat. GZD & Mr Playaz),Mr Toks & Mr Ridaz,Pas au sérieux,Mr Toks & Mr Ridaz,0,
97,youtube,amazon,One More Time (feat. T.C.P.),Mr. Blackmell,One More Time (Acapella) [feat. T.C.P.],Mr. Blackmell feat. T.C.P.,0,
305,youtube,spotify,Due,CFP,The Brits are coming,Mtsg,0,
459,spotify,amazon,Mhhh,"Mucco",PUSH PUSH,"Mucco",0,
322,amazon,youtube,We Are Just Here,Music Art Lti feat. Liu Lti,We Are Just Here (feat. Liu Lti),Music Art Lti,1,
578,spotify,amazon,Heute beginnt der Rest deines Lebens (Die volkstümliche Hitparade im ZDF 30.05.1996),Udo Jürgens,Heute beginnt der Rest deines Lebens,Musical Cast Raimund Theater,0,
193,youtube,spotify,Kor Jamboor,Kiné Lam,Kimm guat hoam,Musikkapelle Ranggen,0,
491,spotify,amazon,MF of the Year,Mötley Crüe,Mutherfucker Of The Year,Mötley Crüe,1,
802,spotify,youtube,XXX 88 - Live at Vega,MØ,XXX 88 (Mixed) (feat. Diplo),MØ,0,
301,youtube,spotify,"Pookkal Pookkum",G.V. Prakash Kumar,Pookal Pookum - Instrumental Version,Narendren,0,
700,spotify,youtube,Macroom - Eoin Normile Remix,Nathan Maher,Macroom (Eoin Normile Remix),Nathan Maher,1,
467,spotify,amazon,FPS,Negative XP,Scott Pilgrim vs. the World Ruined a Whole Generation of Women,Negative XP,0,
492,spotify,amazon,Promiscuous,Nelly Furtado,Promiscuous [feat. Timbaland],Nelly Furtado feat. Timbaland,1,
614,spotify,amazon,Promiscuous,Nelly Furtado,Promiscuous (Crossroads Mix) [feat. Timbaland],Nelly Furtado feat. Timbaland,0,
502,spotify,amazon,Zruck zu dir (Hallo Klaus) - Original,Nickerbocker,Zruck zu Dir / Hallo Klaus (Original),Nickerbocker und Biene,1,
616,spotify,amazon,AM I WRONG?,Moors,Am I Wrong,Nico & Vinz,0,
584,spotify,amazon,Changes - Acoustic Version,Nico Santos,Changes,Nico Santos & ClockClock,0,
531,spotify,amazon,o%,Niil B,Rollin,Niil B & B Genius,0,
590,spotify,amazon,Wildberry Lillet - Remix,Nina Chuba,Wildberry Lillet (Rave Remix by twocolors),Nina Chuba,0,
686,spotify,youtube,Wildberry Lillet - Remix,Nina Chuba,Wildberry Lillet,Nina Chuba,0,
146,youtube,amazon,My King,In Overflow,King of My Castle,Ninkid & Rocco,0,
364,amazon,youtube,A mare…oo,Nino D'Angelo,A mare....oo,Nino D'Angelo,1,
168,youtube,spotify,They Roll (feat. The Game),Nipsey Hussle,They Roll (feat. the Game),Nipsey Hussle,1,
144,youtube,amazon,Or What (Sped Up),NLE Choppa,Gang Baby,NLE Choppa,0,
443,spotify,amazon,Get It - AFROJACK Presents NLW,NLW,Get It (AFROJACK Presents NLW),NLW & Phlegmatic Dogs,1,
237,youtube,spotify,Onizuka,PNL,onizuka - instrumental,no/vox,0,
461,spotify,amazon,Again (feat. XXXTENTACION),Noah Cyrus,Again,Noah Cyrus feat. XXXTentacion,1,
763,spotify,youtube,DOORS LIGHT FUNK - SLOWED,DJ VTTT77,DOORS LIGHT FUNK (SLOWED),Nomxn14,1,
131,youtube,amazon,glorifying karma (feat. mobi),nte,glorifying karma,Nte feat. Mobi,1,
16,youtube,amazon,LOYALTY,Cy.,Loyalty,NTO & Sofiane Pamart,1,
707,spotify,youtube,VOLKSWAGEN FUNK - slowed,NVRXMARV,VOLKSWAGEN FUNK (slowed),"NVRXMARV",1,
482,spotify,amazon,Kola Czasu,O.N.A.,"Koła czasu","O.N.A.",1,
110,youtube,amazon,D'you Know What I Mean?,Oasis,D'You Know What I Mean? (NG's 2016 Rethink),Oasis,0,
133,youtube,amazon,MB,OBLADAET,MUTANT,OBLADAET,0,
60,youtube,amazon,CLN,Octavio Cuadras,Blues,Octavio Cuadras,0,
91,youtube,amazon,"P (feat. Hodgy & Tyler, The Creator)",Odd Future,Rella,"Odd Future feat. Hodgy, Domo Genesis & Tyler, The Creator",0,
744,spotify,youtube,Katchi - Ofenbach vs. Nick Waterhouse,Ofenbach,Katchi (Ofenbach vs. Nick Waterhouse) [SMACK Remix] (Ofenbach vs. Nick Waterhouse; SMACK Remix; feat. Gemeni) (feat. Gemeni),Ofenbach,0,
487,spotify,amazon,Katchi - Ofenbach vs. Nick Waterhouse,Ofenbach,Katchi (Ofenbach vs. Nick Waterhouse),Ofenbach & Nick Waterhouse,1,
210,youtube,spotify,Pound Cake / Paris Morton Music 2 (feat. JAY-Z),Drake,Pound Cake (In the Style of Drake feat. Jay Z) [Instrumental Karaoke Version],Off The Record Instrumentals,0,
758,spotify,youtube,GLORY - Slowed,Ogryzek,GLORY (Slowed),Ogryzek,1,
116,youtube,amazon,alyp ketem (feat. ALUAN & Promise),oiu,alyp ketem,oiu feat. Aluan & Promise,1,
376,amazon,youtube,CP,Andrew Pattenaude,Herzensangelegenheit,Oliver Schories,0,
517,spotify,amazon,You're the One That I Want (Quickstep / 50 BPM),CFD,You're The One That I Want (Remastered 2022) [feat. John Travolta],Olivia Newton-John feat. John Travolta,0,
430,spotify,amazon,vampire - live piano performance,Olivia Rodrigo,vampire,Olivia Rodrigo,0,
819,spotify,youtube,Cheerleader (Felix Jaehn Remix) - Radio Edit,OMI,Cheerleader (Felix Jaehn Remix) (Radio Edit),OMI,1,
107,youtube,amazon,LT (feat. RMN),Osscar Torres,LT,Osscar Torres feat. Rmn,1,
298,youtube,spotify,Making Love (feat. Reggie B),OXP & Onra & Pomrad,Making Love,OXP,1,
99,youtube,amazon,"Just Give Me a Reason (feat. Nate Ruess)",P!NK,Just Give Me a Reason,P!nk feat. Nate Ruess,1,
737,spotify,youtube,"I'll Be Missing You (feat. Faith Evans, 112)","Diddy","I'll Be Missing You (feat. Faith Evans & 112)",P. Diddy,1,
329,amazon,youtube,"Youth of the Nation",P.O.D.,Youth of the Nation (2006 Remaster),P.O.D.,0,
705,spotify,youtube,MONTAGEM FAVELA - SUPER SLOWED,PANDA!,MONTAGEM FAVELA (SUPER SLOWED),PANDA!,1,
53,youtube,amazon,S-Klasa (feat. DRON),PANTERA.REE,S-Klasa,PANTERA.REE feat. Dron,1,
149,youtube,amazon,Power Trip (feat. Miguel),J. Cole,Power Trip (Originally Performed by J. Cole & Miguel) [Karaoke Version],Party Buzz,0,
300,youtube,spotify,No Role Modelz,J. Cole,No Role Modelz (made popular by J. Cole) [backing version],Party Tyme,0,
446,spotify,amazon,Soledad - Audio,Don Omar,Soledad (Made Popular By Don Omar) [Karaoke Version],Party Tyme Karaoke,0,
394,amazon,youtube,M a k e  I t  T o  T h e  M o r n i n g,PARTYNEXTDOOR,M a k e I t T o T h e M o r n i n g,PARTYNEXTDOOR,1,
451,spotify,amazon,Basterebbe Una Volta (feat. Morgan),Pastora,Basterebbe Una Volta,"Pastora feat. Morgan",1,
46,youtube,amazon,Because The Night,Patti Smith,Because the Night,"Patti Smith Group",1,
508,spotify,amazon,PAYDAY,"Foltyn",Big Boy,Payday,0,
344,amazon,youtube,Hu Tao,PeachyFranny feat. Raayo,Hu Tao (feat. Raayo),PeachyFranny,1,
306,youtube,spotify,SQ (W Sound 04),W Sound,Champion Sound,Pegassi,0,
89,youtube,amazon,VVS,Peso Pluma,BELLAKEO,"Peso Pluma & Anitta",0,
592,spotify,amazon,So mnou nikdy nezostarnes,Michaela,So mnou nikdy nezostarneš,Peter Nagy,1,
2,spotify,youtube,Bella Napoli - Xtreme Sound Party Mix,Tobee,O mia bella Napoli,Peter Strothmann,0,
308,youtube,spotify,RUMBLE WITH THE PRINCE,M.W.R.,"Happy - From ""Despicable Me 2""",Pharrell Williams,0,
266,youtube,spotify,F**k With U (feat. G-Eazy),Pia Mia,F**k With U,Pia Mia,1,
670,spotify,youtube,Most dwojga serc (feat. Marta Moszczy?ska),Piotr Rubik,Most dwojga serc,Piotr Rubik,0,
561,spotify,amazon,Don't Stop the Party (feat. TJR),Pitbull,Don't Stop the Party,Pitbull feat. TJR,1,
481,spotify,amazon,Give Me Everything (feat. Nayer),Pitbull,Give Me Everything,"Pitbull, Afrojack & Ne-Yo feat. Nayer",1,
14,youtube,amazon,Y,Poizi,YAPAR MISIN?,Poizi & Murat Boz,0,
19,youtube,amazon,C.R.A.,FreqGen,Hard 2 Face Reality [feat. Justin Bieber & Jay Electronica],Poo Bear feat. Justin Bieber & J A Y E L E C T R O N I C A,0,
801,spotify,youtube,Stress Reduction,Headache Relief Unit,The Best Sleep Healing Frequency (Deeply Relaxing),Powerthoughts Meditation Club,0,
11,youtube,amazon,Ras,Prozak,Bedroom Bully,Prozak,0,
161,youtube,spotify,Bill.,IO,Bullet Train To Iowa – Re-Imagined by Billy Howerdel (Billy Howerdel Remix),Puscifer,0,
85,youtube,amazon,Message (feat. Social Mula),QD MAPAMERA,Message,QD MAPAMERA feat. Social Mula,1,
419,amazon,youtube,F H P,QDOGTV762 feat. Quintin Ward,F H P (feat. Quintin Ward),QDOGTV762,1,
78,youtube,amazon,COME TO MY STU (feat. Leellamarz),QM,COME TO MY STU (Instrumental),QM,0,
741,spotify,youtube,静悄悄 - Remix版,曲肖冰,静悄悄2025 (卡点版),Qu Xiaobing,0,
416,amazon,youtube,Radio Ga Ga (Remastered 2011),Queen,Radio Ga Ga,Queen,0,
510,spotify,amazon,Don't Stop Me Now - Remastered 2011,Queen,Don't Stop Me Now (Remastered 2011),Queen,1,
781,spotify,youtube,Don't Stop Me Now - Remastered 2011,Queen,Don't Stop Me Now,Queen,0,
225,youtube,spotify,Dabda Kithe Aa (feat. Gurlez Akhtar),R Nait,Dabda Kithe Aa,R Nait,1,
41,youtube,amazon,Demons in MY Head (feat. OYG),Gbody,In My Head,R3HAB,0,
812,spotify,youtube,The Hudson - Song Breakdown/Live From Electric Lady Studios,The Favors,Let Down,Radiohead,0,
563,spotify,amazon,Powerglide (feat. Juicy J) - From SR3MM,Rae Sremmurd,"Powerglide (From SR3MM) [feat. Juicy J]","Rae Sremmurd, Swae Lee & Slim Jxmmi feat. Juicy J",1,
646,spotify,youtube,"Lakh Lakh (From ""Kambakkht Ishq"")",RDB,Ishq,Raj Mawar,0,
101,youtube,amazon,Aah Ki Hoya,Raj Ranjodh,"Aah Ki Hoya (From ""Laiye Je Yaarian"" Soundtrack)",Raj Ranjodh & Intense,1,
692,spotify,youtube,"Alles nichts ohne dich - Live / Aus ""Die Schule der magischen Tiere 3""",Emilia Maier,Deutschland,Rammstein,0,
213,youtube,spotify,Xa (Chờ Đến Mùa Gió),Tung,Sống Cho Hết Đời Thanh Xuân 4 (feat. Dick),RAP VIỆT,0,
66,youtube,amazon,Sexy Can I (feat. Yung Berg),Ray J,Sexy Can I,Ray J feat. Yung Berg,1,
120,youtube,amazon,turn upp time (feat. FoeMoo),QtG,Turn UpP Time,RDCH,1,
162,youtube,spotify,Get Your Game On! (feat. Xthedarkone & PrinceWhateverer),RE:MAKE,Get Your Game On!,RE:MAKE,1,
407,amazon,youtube,FIGHT SCENE!,Red Line Savage feat. TZT & CL!PPED,FIGHT SCENE! (feat. TZT & Cl!pped),Red Line Savage,1,
279,youtube,spotify,I'm Fine,D.O.,Hi Ren,Ren,0,
26,youtube,amazon,Q？ - Q?,Reol,Q?,Reol,1,
790,spotify,youtube,Faces In Photos - Live,Resident Genius,Faces In Photos (Live),Resident Genius,1,
816,spotify,youtube,Zucker,RIAN,Fast egal,"RIAN",0,
564,spotify,amazon,Aquí Estoy,Ricardo Arjona,Aquí Estoy (En Vivo) (En Vivo),Ricardo Arjona,1,
774,spotify,youtube,Uomo in fuga - New Version,Riccardo Maffoni,Uomo in fuga,Riccardo Maffoni,0,
588,spotify,amazon,"Sarà perchè ti amo - CFVB Radio Mix",CFVB,Sarà perché ti amo,Ricchi E Poveri,0,
697,spotify,youtube,Eraser - Live From The Office,Ricky Montgomery,Eraser,Ricky Montgomery,0,
369,amazon,youtube,We Found Love (Album Version),Rihanna & Calvin Harris,We Found Love,Rihanna,0,
452,spotify,amazon,Where Have You Been,Rihanna,Where Have You Been (Album Version),Rihanna,0,
23,youtube,amazon,S&M Remix (feat. Britney Spears),Rihanna,S&M Remix S&M Remix (feat. Britney Spears),Rihanna feat. Britney Spears,1,
207,youtube,spotify,H,Ghost Runner On Third,Ghostwriter,RJD2,0,
788,spotify,youtube,Billie Jean (Remix),RK,Billie Jean (Remix) (feat. Timal & Alonzo),RK,1,
642,spotify,youtube,Rhythm of My Heart - from One Night Only! Rod Stewart Live at Royal Albert Hall,Rod Stewart,I Don't Want to Talk About It (1989 Version),Rod Stewart,0,
408,amazon,youtube,Enfant du Peuple,Coks,L' enfant du peuple,Romain,0,
264,youtube,spotify,TR Drill,Lef,Left Back - Remix,Ronzo,0,
640,spotify,youtube,"London, London",RPM,"London, London (Ao Vivo)",RPM,1,
576,spotify,amazon,SUICIDE PIT,RSN,"dilatation #2.2",Rsn,0,
694,spotify,youtube,Superficial Love - Mahogany Session,Ruth B.,Superficial Love (Single Version),Ruth B.,0,
667,spotify,youtube,Dominicana,Rvfv,Mirándote,Rvfv,0,
682,spotify,youtube,WVK3UP,RXW-GAUD,WVK3UP (feat. Happy2BaGaud & JVY-RXW),RXW-GAUD,1,
424,spotify,amazon,Espresso - Mark Ronson x FNZ Working Late Remix,Sabrina Carpenter,Espresso (Mark Ronson x FNZ Working Late Remix),Sabrina Carpenter & Mark Ronson,1,
477,spotify,amazon,Smooth Operator - Single Version,Sade,Smooth Operator (Single Version),Sade,1,
768,spotify,youtube,"Inquebrantable (Seiya)",Jxp,Inquebrantable,Sarai Rivera,0,
176,youtube,spotify,E of S (feat. mizuki),SawanoHiroyuki[nZk],e of s,SawanoHiroyuki[nZk],1,
422,spotify,amazon,"X.U.（short ver.）",SawanoHiroyuki[nZk],X.U.,"SawanoHiroyuki[nZk] feat. Gemie",0,
113,youtube,amazon,"E of S (feat. mizuki)",SawanoHiroyuki[nZk],E of S,SawanoHiroyuki[nZk] feat. mizuki,1,
474,spotify,amazon,X.U.（short ver.）,SawanoHiroyuki[nZk],DARK ARIA <LV2>,SawanoHiroyuki[nZk] feat. Xai,0,
122,youtube,amazon,"Xai",CL,DARK ARIA <LV2>,SawanoHiroyuki[nZk] feat. Xai,0,
656,spotify,youtube,Libertà - Live,Saydon Studio,"Libertà (Live) (feat. Luke Saydon, Raphael Pace & Ryan Grech)",Saydon Studio,1,
96,youtube,amazon,Venom,D.F.C.,F.I.C.K.D.I.C.H. [feat. Frauenarzt],SDP feat. Frauenarzt,0,
497,spotify,amazon,Ich will nur dass du weißt - IIVEN Remix,SDP,Ich will nur dass du weißt (IIVEN Remix),"SDP, iiven & NESS",1,
249,youtube,spotify,BAD,A.Riv,Eenie Meenie,Sean Kingston,0,
175,youtube,spotify,"CD (feat. OG Lucifer, Lil Bhavi, Bhaskar & Ab 17)",Seedhe Maut,Pickup,Seedhe Maut,0,
671,spotify,youtube,II. Romance,Wolfgang Amadeus Mozart,"Mozart: Piano Concerto No. 20 in D Minor, K. 466: II. Romance",Seong-Jin Cho,0,
715,spotify,youtube,"Suite in B-Flat Major, HWV 434: IV. Minuet (Arr. Kempff for Piano) - Live",George Frideric Handel,"Handel: Suite in B-Flat Major, HWV 434: IV. Minuet (Arr. Kempff for Piano)",Seong-Jin Cho,0,
814,spotify,youtube,Un Cachito de Luz - Versión Deluxe,SFDK,Un Cachito de Luz (Versión Deluxe) (feat. Lia Kali),SFDK,1,
358,amazon,youtube,Waka Waka (This Time for Africa) (K-Mix),Shakira,Waka Waka: This Time for Africa (K-Mix),Shakira,1,
615,spotify,amazon,это ли счастье?,Rauf & Faik,Запомни I love you,Shami & Rauf & Faik,0,
276,youtube,spotify,THARKI CHOKRO,SWAROOP KHAN,Adam Khana,Shan Khan,0,
597,spotify,amazon,Lost In Japan - Original + Remix,Shawn Mendes,Lost In Japan,Shawn Mendes,0,
326,amazon,youtube,CLA$$IC,Bushido & Shindy,Springfield (feat. Bushido),Shindy,0,
466,spotify,amazon,Bezubaan Phir Se - Reprise,Shraddha Kapoor,Bezubaan Phir Se Reprise,Shraddha Kapoor & Neil Sharma,1,
539,spotify,amazon,JUDAS - HARDSTYLE,SICK LEGEND,JUDAS (HARDSTYLE),SICK LEGEND,1,
383,amazon,youtube,Der Himmel soll warten (Unplugged Version) [feat. Adel Tawil],Sido feat. Adel Tawil,Der Himmel soll warten (feat. Adel Tawil),Sido,0,
427,spotify,amazon,"Nicht mein Problem Remix",SDP,Nicht mein Problem,Silbermond feat. Jan Delay,0,
661,spotify,youtube,Mrs. Robinson - from The Concert in Central Park,Simon & Garfunkel,"Mrs. Robinson","Simon & Garfunkel Experience",0,
550,spotify,amazon,ذهب الليل طلع الفجر والحشاش كركر,Omar Id,ذهب الليل طلع الفجر,Simsem TV,0,
367,amazon,youtube,S W D,SIR EXII,D'Evils,SiR,0,
323,amazon,youtube,Jidem,Skylord_official feat. KTC & Saga XML,Jidem (feat. KTC & Saga XML),Skylord_Official,1,
273,youtube,spotify,U C (feat. M.87),smasher artist,ESTA NOCHE,sma$her,0,
468,spotify,amazon,Living Next Door To Alice (ZDF Disco 08.01.1977),Smokie,Living Next Door to Alice (Stereoact Remix),Smokie & Stereoact,0,
286,youtube,spotify,Down 4 My N's (feat. C-Murder & Magic),Snoop Dogg,Down 4 My N's,Snoop Dogg,1,
476,spotify,amazon,Vato,Snoop Dogg,Vato [feat. B-Real],Snoop Dogg feat. B-Real,1,
224,youtube,spotify,"This Is Not My Story",CR,Esto No A Terminado (This Isn't Over) [from The Forever Purge],Snow Tha Product,0,
771,spotify,youtube,Mary On A Cross - Live In Tampa 2022,Ghost,Mary On A Cross,Social Repose,0,
310,amazon,youtube,Baby,Znk,Chodim s Bábou,Sodoma Gomora,0,
650,spotify,youtube,GWC - From the Moon 2 Neptune,SoMagnetic The Writer MVG,GWC (From the Moon 2 Neptune),SoMagnetic The Writer MVG,1,
3,spotify,youtube,Wanted (feat. Emily N),TLF,Wanted 2018,Sportsalleen,0,
167,youtube,spotify,"VCG",Uh Uh,Faith In Me,Stellar,0,
658,spotify,youtube,ESCAPE (Bang Chan & Hyunjin),Stray Kids,ESCAPE (방찬 & 현진) ESCAPE (Bang Chan & Hyunjin),Stray Kids,1,
32,youtube,amazon,Cz,Venom Cz,VENOM,Stray Kids,0,
59,youtube,amazon,특 S-Class,Stray Kids,S-Class,Stray Kids,1,
108,youtube,amazon,U (feat. TABLO),Stray Kids,U (Feat. TABLO),Stray Kids & TABLO,1,
568,spotify,amazon,"Ma Meilleure Ennemie - From The Series ""Arcane League of Legends""",Arcane,Ma Meilleure Ennemie ft. Coldplay (from the series Arcane League of Legends),"Stromae, Pomme, Coldplay, Elyanna, Arcane & League of Legends",1,
449,spotify,amazon,Dein Ex - feat. KC Rebell,Summer Cem,Dein Ex (feat. KC Rebell),Summer Cem feat. KC Rebell,1,
551,spotify,amazon,BP - Acoustic Performance,Summer Walker,BP (Sped Up),Summer Walker,0,
460,spotify,amazon,Puta Vida (Directo BCN),Supersubmarina,Puta Vida (Directo La Riviera),Supersubmarina,0,
194,youtube,spotify,Q,QUEEN BEE,Queen Bee - Radio Edit,SURA,0,
4,spotify,youtube,IDEMO [PART I],Svaba Ortak,ARKANUM [MASKEN PT. I],Svaba Ortak,0,
557,spotify,amazon,Crazy - etc,Tpuma,"Crazy",T Puma,0,
102,youtube,amazon,Bartender (feat. Akon),"T-Pain",Bartender,T-Pain feat. Akon,1,
371,amazon,youtube,Hangover [feat. Flo Rida],Taio Cruz feat. Flo Rida,Hangover (feat. Flo Rida),Taio Cruz,1,
637,spotify,youtube,Make a Move [Taito vs. Benny G],Taito,"TAXI (Radio Mix) (feat. Gemeni, Maine & Sandro)",Taito,0,
720,spotify,youtube,Déjà vu (ZDF Hitparade 18.09.1991) - VOD,Blue System,Déjà Vu (Extended Version),Talking System,0,
98,youtube,amazon,W,Tana Mongeau,"Hefner",Tana Mongeau,0,
731,spotify,youtube,Tu Kytaru Jsem Koupil Kvůli Tobě,Václav Neckář,Tu kytaru jsem koupil kvůli tobě,Taneční orchestr Čs. rozhlasu/Josef Vobruba,1,
628,spotify,youtube,Szevasz öcsém,Tankcsapda,SZEVASZ ÖCSÉM,"Tankcsapda",1,
520,spotify,amazon,TIT FOR TAT - Live from the Kia Forum,Tate McRae,Just Keep Watching (From F1® The Movie),Tate McRae,0,
751,spotify,youtube,Revolving door/Sports car - Live From the 2025 MTV VMAs,Tate McRae,Revolving door,Tate McRae,0,
365,amazon,youtube,The other side of the border with you,TTT,The Other Side Of The Door (Taylor’s Version),"Taylor Swift",0,
125,youtube,amazon,Love,nz.,Cruel Summer,Taylor Swift,0,
339,amazon,youtube,Whispers (Original Mix),Td,Whispers,TD,0,
773,spotify,youtube,Fragile (Director's Cut),Tech N9ne,Dysfunctional,Tech N9ne Collabos,0,
299,youtube,spotify,Gu gu gu,Case-Klowzed,Tribute,Tenacious D,0,
417,amazon,youtube,QHS,Tendon Levey,"Catch The Cough",Tendon Levey,0,
638,spotify,youtube,"TENDOUJI - CRAZY feat.ROY (MV)",TENDOUJI,CRAZY (feat. ROY),TENDOUJI & THE BAWDIES,0,
620,spotify,amazon,WTP,Teyana Taylor,WTP [feat. Mykki Blanco],Teyana Taylor feat. Mykki Blanco,1,
288,youtube,spotify,XC,Ben Senses,Charlie's Inferno,That Handsome Devil,0,
595,spotify,amazon,Badd Boyz,The Almighty RSO,Revenge Of Da Badd Boyz,The Almighty RSO,0,
450,spotify,amazon,"Good Vibrations - Remastered 2001",The Beach Boys,Good Vibrations (Remastered 2001),The Beach Boys,1,
262,youtube,spotify,The Letter W,ABCmouse,The Letter,The Box Tops,0,
80,youtube,amazon,Hatef--k,The Bravery,An Honest Mistake,The Bravery,0,
607,spotify,amazon,"London Calling - Remastered",The Clash,London Calling (Remastered),"The Clash",1,
569,spotify,amazon,Zombie - 2025 Remastered,The Cranberries,"Zombie (Remastered 2020)",The Cranberries,0,
7,spotify,youtube,Zombie - 2025 Remastered,The Cranberries,Zombie,The Cranberries,0,
21,youtube,amazon,"U (feat. Kwon Jin Ah, RM & Rap Monster)",Primary,Primary,The Cure,0,
100,youtube,amazon,I Don't Give A... (feat. Mystikal & Krayzie Bone),Lil Jon & The East Side Boyz,I Don't Give a Fuck,The East Side Boyz & Lil Jon feat. Mystikal & Krayzie Bone,1,
511,spotify,amazon,"Vroom - The FaNaTiX, Idris Elba, Lil Tjay, Davido, Koffee, Moelogo| PS5, PS4 - from GRAN TURISMO 7",The FaNaTiX,"Vroom - The FaNaTiX, Idris Elba, Lil Tjay, Davido, Koffee, Moelogo| PS5, PS4 (from GRAN TURISMO 7)","The Fanatix, IDRIS, Lil Tjay, Davido, Original Koffee & Moelogo",1,
109,youtube,amazon,เพื่อนเล่น ไม่เล่นเพื่อน (Cover Version) (เพลงประกอบซีรีส์ แฟนผมเป็นประธานนักเรียน My School President),FOURTH,"เพื่อนเล่น ไม่เล่นเพื่อน (Cover Version เพลงประกอบซีรีส์ ""แฟนผมเป็นประธานนักเรียน My School President"")","The Fourth, Ford Allan & Satang Kittiphop",1,
195,youtube,spotify,Song of Women (feat. Halestorm & Lzzy Hale of Halestorm),The HU & Lzzy Hale,"Song of Women",The HU,1,
672,spotify,youtube,California Dreamin' - Single Version,The Mamas & The Papas,California Dreamin' (Single Version),The Mamas & The Papas,1,
402,amazon,youtube,"Ain't the Same",Yr,Your Love (Ain't the Same),The Moto-Litas,0,
76,youtube,amazon,Jealou$y (feat. Casey Veggies & Kossisko),The Neighbourhood,Jealou$y,The Neighbourhood feat. Casey Veggies & Kossisko,1,
748,spotify,youtube,Hypnotize - 2014 Remaster,The Notorious B.I.G.,Hypnotize,The Notorious B.I.G.,0,
52,youtube,amazon,Fuck You Tonight (feat. R. Kelly),The Notorious B.I.G.,Fuck You Tonight (feat. R. Kelly) [2005 Remaster],The Notorious B.I.G. feat. R. Kelly,0,
139,youtube,amazon,Fuck You Tonight (feat. R. Kelly),The Notorious B.I.G.,Fuck You Tonight (feat. R. Kelly) [2007 Remaster],The Notorious B.I.G. feat. R. Kelly,0,
447,spotify,amazon,Zero,The Smashing Pumpkins,Disarm,The Smashing Pumpkins,0,
458,spotify,amazon,Heaven Knows I'm Miserable Now,The Smiths,Heaven Knows I’m Miserable Now,The Smiths,1,
442,spotify,amazon,Summer Jam - Jerome Remix,The Underdog Project,Summer Jam (Jerome Remix),The Underdog Project,1,
75,youtube,amazon,"""L""",The Volunteers,S.A.D,The Volunteers,0,
82,youtube,amazon,Z,The Warning,S!CK,The Warning,0,
785,spotify,youtube,Can't Feel My Face x Billie Jean,Fleur East,Can't Feel My Face,The Weeknd,0,
291,youtube,spotify,Imw,Sic Zone,The Hills,The Weeknd,0,
163,youtube,spotify,Marry the P***y,R.Kelly,Nancy Mulligan,The Wellermen,0,
294,youtube,spotify,f,BOBBY,Fell In Love With a Girl,The White Stripes,0,
779,spotify,youtube,Won't Get Fooled Again - Single Edit,The Who,Won't Get Fooled Again (Single Edit),The Who,1,
197,youtube,spotify,Crystalised,The xx,On Hold,The xx,0,
762,spotify,youtube,Give It To Me,Timbaland,Give It To Me (feat. Justin Timberlake & Nelly Furtado),Timbaland,1,
433,spotify,amazon,The Way I Are,Timbaland,"The Way I Are (Radio Edit) [feat. Keri Hilson]",Timbaland & D.O.E. feat. Keri Hilson,0,
494,spotify,amazon,The Way I Are,Timbaland,The Way I Are [feat. Keri Hilson & D.O.E.],Timbaland feat. Keri Hilson & D.O.E.,1,
348,amazon,youtube,2 On,Tinashe feat. Schoolboy Q,2 On (feat. ScHoolboy Q),Tinashe,1,
277,youtube,spotify,Back Up,Cal Scruby,"Body (Remix) [feat. ArrDee, E1 (3x3), ZT (3x3), Bugzy Malone, Buni, Fivio Foreign & Darkoo]",Tion Wayne,0,
518,spotify,amazon,No Excuses,TJ Porter,No Excuses (feat. WGB Nero),TJ Porter feat. WGB Nero,1,
233,youtube,spotify,C,Toby Fox,Death By Glamour,Toby Fox,0,
472,spotify,amazon,Quicksand - Live,Tom Chaplin,Quicksand,Tom Chaplin,0,
500,spotify,amazon,Quicksand - Live,Tom Chaplin,Quicksand (Acoustic),Tom Chaplin,0,
381,amazon,youtube,Phv-ozs,planned solitude,Solitude (feat. Lake Jons),Tontario,0,
418,amazon,youtube,In For It [feat. RL Grime],Tory Lanez feat. RL Grime,In For It (feat. RL Grime),Tory Lanez,1,
489,spotify,amazon,"Ich will noch nicht nach Haus! - Live In Berlin, Germany / 2014",SDP,Ich will noch nicht nach Haus (Live in Berlin),Trailerpark & SDP,1,
374,amazon,youtube,FE!N,Travis Scott feat. Playboi Carti,FE!N (feat. Playboi Carti),Travis Scott,1,
475,spotify,amazon,Quintana,Travis Scott,Quintana (feat. Wale),Travis Scott feat. Wale,1,
199,youtube,spotify,Two Nay,MC XT Da RDS,Dei Zwoate Chance,Tschentig,0,
772,spotify,youtube,Pyaar - Edit,Manjeet Kondal,Pyaar (Edit),Turbotito,1,
119,youtube,amazon,Shake (Extended Mix),Turbotronic,Shake It Shake It (Workout Remix 130 bpm),Turbotronic,0,
579,spotify,amazon,"Ein ehrenwertes Haus (Udo live '77 12.03.1977)",Udo Jürgens,"Ein ehrenwertes Haus",Udo Jürgens,0,
743,spotify,youtube,Doctor Doctor - 2007 Remaster,UFO,Doctor Doctor (2007 Remaster),UFO,1,
368,amazon,youtube,Amari Si Amari 1.,Ujj Zsuzsi & Darvas Kristóf,Amari si amari 2.,Ujj Zsuzsi & Darvas Kristóf,0,
114,youtube,amazon,ITHINA (feat. Oliphantom & BABY XSA),Uncle D,"ITHINA","Uncle D, Oliphantom & Baby XSA",1,
415,amazon,youtube,O.C.N,BIGDO feat. Pixels,Sea of Pixels,Unkind Rewind,0,
282,youtube,spotify,Like That (feat. Ces),"Urban Thermo Dynamics, Mos Def, & DCQ",Like That,Urban Thermo Dynamics,1,
354,amazon,youtube,DJ Got Us Fallin' In Love,USHER feat. Pitbull,DJ Got Us Fallin' In Love (feat. Pitbull),Usher,1,
426,spotify,amazon,Yeah! (feat. Lil Jon & Ludacris),USHER,Yeah!,USHER feat. Lil Jon & Ludacris,1,
70,youtube,amazon,Winter Ahead (with PARK HYO SHIN) - Instrumental,V,Winter Ahead (with PARK HYO SHIN),V & Park Hyo Shin,0,
242,youtube,spotify,GR,Jaque Rascón,RUN!,VALORANT,0,
303,youtube,spotify,Monde abstrait,GZB,Gfrast,Vearz,0,
347,amazon,youtube,THIS YEAR (Blessings),Victor Thompson feat. Ehis 'D' Greatest,THIS YEAR (Blessings) (Remix),Victor Thompson,0,
509,spotify,amazon,Til kvæðagyðjunnar - Live in Reykjavík,Viktor Orri Árnason,Flakk,Viktor Orri Árnason,0,
127,youtube,amazon,S (feat. Linch),VillaBanks,Jasmine [feat. Linch],VillaBanks feat. Linch,0,
134,youtube,amazon,S (feat. Linch),VillaBanks,Pego [feat. Linch],"VillaBanks feat. Linch",0,
555,spotify,amazon,CQX,D Menace,Menace,visioner.,0,
587,spotify,amazon,Dvakrat,Vlasta Redl,Sbohem galánečko,Vlasta Redl,0,
528,spotify,amazon,"TANGO NOIR (タンゴ・ノアール) [中森明菜イースト・ライヴ インデックス23 Live atよみうりランドEAST, 1989.4.29 & 30]",Akina Nakamori,Sand beige (Karaoke Originally Performed By Akina Nakamori),Voice Karaoke Club,0,
757,spotify,youtube,Fever (feat. Lukas Graham) - Madison Square Garden Performance (Live Performance),Kygo,Baby I Don't Know Oh Oh (Live at Madison Square Garden),Vulfpeck,0,
485,spotify,amazon,"Axel F (Take It To The Floor) (with Gabry Ponte)",W&W,Axel F (Take It To The Floor),"W&W, VINAI & Gabry Ponte",1,
542,spotify,amazon,"Out Of The Blue - Live From Columbus, Ohio",Waylon Wyatt,"Sincerely, Your Son",Waylon Wyatt,0,
766,spotify,youtube,O.D. - Live New York Performance,Waylon Wyatt,O.D.,Waylon Wyatt,0,
260,youtube,spotify,Not Meant For Keeping,In Overflow,Not Meant for Me,Wayne Static,0,
20,youtube,amazon,"Złą Opinię Mam","Weekend",Zla Opinie Mam (Karaoke),WEEKEND,0,
362,amazon,youtube,"NXSTY BLOOD (Slowed + Reverb)",Wels,NXSTY BLOOD 2 (Slowed + Reverb),Wels,0,
22,youtube,amazon,L (feat. LEGENDARY),Lan Bar,Legendary,Welshly Arms,0,
118,youtube,amazon,Young Forever (feat. Mr Hudson),JAY-Z,Young Forever,White Knight Instrumental,1,
356,amazon,youtube,Can U Feel The Rhythm,HKM,I Wanna Dance with Somebody (Who Loves Me),Whitney Houston,0,
405,amazon,youtube,"Tohuwabohu (feat. Lina Larissa Strahl, Louis H.)","Bibi und Tina, Peter Plate & Ulf Leo Sommer feat. Lina Larissa Strahl & Louis H.",I Wanna Dance with Somebody (Who Loves Me),Whitney Houston,0,
499,spotify,amazon,Feuerwerk - Max + Johann Remix / Audio,Wincent Weiss,Feuerwerk (Akustik Version),Wincent Weiss,0,
777,spotify,youtube,Otw,WorstG3n,"Otw (feat. k!RA, Kqmii & Scottylotp)",WorstG3n,1,
527,spotify,amazon,Pääh,XATAR,Pääh [feat. SSIO],Xatar feat. Ssio,1,
589,spotify,amazon,SPYO (feat. Chadia),Xhovana,SPYO,Xhovana feat. Chadia,1,
575,spotify,amazon,Streets X Vacation Bible School,ceZk,STREETSX VACATION BIBLE SCHOOL,XXKATUSJINSUX,1,
811,spotify,youtube,$talk That Money - Endless Vibes Version,xxT.V.G.xx,$talk That Money (Endless Vibes Version) (feat. xJ.O.x & Mike Circadian),xxT.V.G.xx & Psychic,1,
357,amazon,youtube,"Wxlf Xn V Levsh",Anyutka,"LIBER EX ROSETAU ATU CCCXXVIII SEKHET YAKUT AKMIM",Xxtarlit⚸,0,
537,spotify,amazon,Get Closer - Joe Mason Remix [Audio],XYLØ,Get Closer (Joe Mason Remix),XYLØ,0,
585,spotify,amazon,Afterlife - Acoustic Session,XYLØ,Afterlife,XYLØ,0,
733,spotify,youtube,Symphony In X Major,Xzibit,Symphony In X Major (feat. Dr. Dre),Xzibit,1,
455,spotify,amazon,Symphony In X Major,Xzibit,Symphony In X Major (Explicit Version),Xzibit feat. Dr. Dre,0,
28,youtube,amazon,CMF (KHOLD Remix),YC,Head n' Shoulders,YC,0,
429,spotify,amazon,Yerushalayim - Live Version,Yerachmiel Begun & The Miami Boys Choir,Yerushalayim (Live Version),Yerachmiel Begun & The Miami Boys Choir,1,
655,spotify,youtube,"Healing Fountain 528Hz DNA Repair, 444Hz Immunity Enhancement",Medica Background Music Labo,528 Hz Dna Repair Frequency ❯ Cell Regeneration Sound Therapy ❯ Activate Your Healing Power,Yevhenii Khonin,0,
0,spotify,youtube,Larg,Yll Limani,Po te pres te Shadervani,Yll Limani,0,
142,youtube,amazon,Audi (feat. YMT Chiko),YMT Breezy,Audi,YMT Breezy feat. YMT Chiko,1,
567,spotify,amazon,一分一秒君と僕の（アニメver.）,HoneyWorks,"君と僕のフォークソング",Yonta's Music Journey,0,
290,youtube,spotify,G Luv,1550 Collective,10/10,Young 501,0,
106,youtube,amazon,Sober Thoughts (feat. Max YB),Young M.A,Sober Thoughts,Young M.A feat. Max YB,1,
434,spotify,amazon,Zombie - Recorded Live at Hansa Studios / 2025,YUNGBLUD,Zombie (Recorded at Hansa Studios),YUNGBLUD,1,
532,spotify,amazon,fleabag - Live At Whisky,YUNGBLUD,fleabag,YUNGBLUD,0,
663,spotify,youtube,"Ghosts - Live From Hansa Studios",YUNGBLUD,"Ghosts",YUNGBLUD,0,
807,spotify,youtube,"braindead! - Live From NME Awards",YUNGBLUD,"braindead!",YUNGBLUD,0,
652,spotify,youtube,"Me voy de aca, sin querer",Yvj,"Me voy de aca, sin querer (feat. Taparauskas)",Yvj,1,
624,spotify,youtube,Eblouie par la nuit - Live,Zaz,Éblouie par la nuit (Sur la route Live 2015),Zaz,0,
189,youtube,spotify,H.N.,Zeeland,Love Sabbatical - Mixed,Zeeland,0,
621,spotify,youtube,Call Of Kraken (ZFQ.1 2023 Anthem) - Original mix,Zefri,Call Of Kraken (ZFQ.1 2023 Anthem) (Original mix),Zefri,1,
17,youtube,amazon,遇见你,Zlt,ANONYME,ZLT,0,
519,spotify,amazon,BAD HAPPENING FUNK - Super Slowed,ZMAJOR,BAD HAPPENING FUNK (Super Slowed),"Zmajor, dearukia, SEKIMANE & zxnc",1,
613,spotify,amazon,That’s How It Goes - Acoustic,Zoe Wees,That’s How It Goes (Guitar Version),Zoe Wees,0,
285,youtube,spotify,One Life (feat. RZ),ZR,One Life,ZR,1,
259,youtube,spotify,ACHO PR,Bad Bunny,bad bunnies,Zsá Zsá,0,
121,youtube,amazon,Okay Okay (feat. Haysuse),FRF King Tae,bad bunnies,Zsá Zsá & Replay Okay,1,
577,spotify,amazon,Spirito Nel Buio - INACUSTICO,Zucchero,Spirito Nel Buio,Zucchero,0,
177,youtube,spotify,Uhe Bate Kala,Vicky Raj,Samo ti,Zumreta Behadarevic,0,
191,youtube,spotify,Ela É um Perigo,Mc DB,NO BATIDÃO - Slowed,ZXKAI,0,
117,youtube,amazon,S&M Remix (feat. Britney Spears),Rihanna,S&M - Remix (Hardstyle),ZYZZRMX & ONY9RMX,0,
398,amazon,youtube,Sharp Dressed Man (2019 Remaster),ZZ Top,Sharp Dressed Man,ZZ Top,0,
662,spotify,youtube,poison tree x voicemail,érror,Silent Hill X Poison Tree,érror,0,
622,spotify,youtube,О моей любви,Кот Балу,О моей любви (feat. Santiz & QB),Кот Балу,1,
617,spotify,amazon,О моей любви,Кот Балу,О моей любви (Deluxe),Кот Балу feat. Santiz / QB,0,
608,spotify,amazon,دي حفية,ايمان الشريف,Naomah,ايمان الشريف,0,
393,amazon,youtube,留什麼給你,Gl,留什么给你,半吨兄弟,0,
57,youtube,amazon,MW ～Dear Mr. & Ms. ピカレスク～ - MW -Dear Mr. & Ms. Picaresque-,flumpool,MW ～Dear Mr.&Ms. ピカレスク～ +1Key(原曲歌手:flumpool),歌っちゃ王,0,
